Workbook
Name EventHoles: Admin!$A$2:$A$3
Name TGFChapter: Admin!$B$2:$B$5

Sheet Game Calculator
A1: SIDE GAME CALCULATOR
A2: SAN ANTONIO | J2: AUSTIN
B3: EDIT | K3: EDIT
A4: 9 or 18 | B4: 18 | C4: TOTAL | D4: MWP | J4: 9 or 18 | K4: 18 | L4: TOTAL | M4: MWP
A5: Total Players | B5: 18 | C5: =IF(B4=9,SUM(B5*7),IF(B4=18,SUM(B5*14),"")) -> 252 | D5: =C17 -> 108 | J5: Total Players | L5: =IF(K4=9,SUM(K5*7),IF(K4=18,SUM(K5*14),"")) -> 0 | M5: =L17 -> #N/A
A6: Net Players | B6: 13 | C6: =IF(B4=9,SUM(B6*13),IF(B4=18,SUM(B6*26),"")) -> 338 | D6: =C23 -> 219 | J6: Net Players | L6: =IF(K4=9,SUM(K6*13),IF(K4=18,SUM(K6*26),"")) -> 0 | M6: =L23 -> 0
A7: Gross Players | B7: 9 | C7: =IF(B4=9,SUM(B7*13),IF(B4=18,SUM(B7*26),"")) -> 234 | D7: =C28 -> 117 | J7: Gross Players | L7: =IF(K4=9,SUM(K7*13),IF(K4=18,SUM(K7*26),"")) -> 0 | M7: =L28 -> 0
B8: Total | C8: =SUM(C5:C7) -> 824 | D8: =SUM(D5:D7) -> 444 | K8: Total | L8: =SUM(L5:L7) -> 0 | M8: =SUM(M5:M7) -> #N/A
A10: INCLUDED Games | B10: Prize Fund | C10: MWP | E10: 1st | F10: 2nd | J10: INCLUDED Games | K10: Prize Fund | L10: MWP | N10: 1st | O10: 2nd
A11: =_xlfn.XLOOKUP(B5,'Side Games 9'!C2:BM2,'Side Games 9'!C8:BM8) -> TEAM Net | B11: =IF(B4=9,_xlfn.XLOOKUP(B5,'Side Games 9'!C2:BM2,'Side Games 9'!C4:BM4),IF(B4=18,_xlfn.XLOOKUP(B5,'Side Games 18'!C2:BM2,'Side Games 18'!C4:BM4),"")) -> 144 | C11: =IF(B4=9,_xlfn.XLOOKUP(B5,'Side Games 9'!C2:BM2,'Side Games 9'!C7:BM7),IF(B4=18,_xlfn.XLOOKUP(B5,'Side Games 18'!C2:BM2,'Side Games 18'!C7:BM7),"")) -> 36 | E11: =IF(B4=9,_xlfn.XLOOKUP(B5,'Side Games 9'!C2:BM2,'Side Games 9'!C5:BM5),IF(B4=18,_xlfn.XLOOKUP(B5,'Side Games 18'!C2:BM2,'Side Games 18'!C5:BM5),"")) -> 144 | F11: =IF(B4=9,_xlfn.XLOOKUP(B5,'Side Games 9'!C2:BM2,'Side Games 9'!C6:BM6),IF(B4=18,_xlfn.XLOOKUP(B5,'Side Games 18'!C2:BM2,'Side Games 18'!C6:BM6),"")) -> 0 | J11: =IF(OR(K5="",K5=0),"Team Game",_xlfn.XLOOKUP(K5,'Side Games 9'!C2:BM2,'Side Games 9'!C8:BM8)) -> Team Game | K11: =IF(K4=9,_xlfn.XLOOKUP(K5,'Side Games 9'!C2:BM2,'Side Games 9'!C4:BM4),IF(K4=18,_xlfn.XLOOKUP(K5,'Side Games 18'!C2:BM2,'Side Games 18'!C4:BM4),"")) -> #N/A | L11: =IF(K4=9,_xlfn.XLOOKUP(K5,'Side Games 9'!C2:BM2,'Side Games 9'!C7:BM7),IF(K4=18,_xlfn.XLOOKUP(K5,'Side Games 18'!C2:BM2,'Side Games 18'!C7:BM7),"")) -> #N/A | N11: =IF(K4=9,_xlfn.XLOOKUP(K5,'Side Games 9'!C2:BM2,'Side Games 9'!C5:BM5),IF(K4=18,_xlfn.XLOOKUP(K5,'Side Games 18'!C2:BM2,'Side Games 18'!C5:BM5),"")) -> #N/A | O11: =IF(K4=9,_xlfn.XLOOKUP(K5,'Side Games 9'!C2:BM2,'Side Games 9'!C6:BM6),IF(K4=18,_xlfn.XLOOKUP(K5,'Side Games 18'!C2:BM2,'Side Games 18'!C6:BM6),"")) -> #N/A
A12: Closest to Pin #1 | B12: =IF(AND(B$4=9,NOT(B$5=0)),_xlfn.XLOOKUP(B$5,'Side Games 9'!C$2:BM$2,'Side Games 9'!C10:BM10),IF(AND(B$4=18,NOT(B$5=0)),_xlfn.XLOOKUP(B$5,'Side Games 18'!C$2:BM$2,'Side Games 18'!C10:BM10),"")) -> 36 | C12: =IF(B12=0,"",B12) -> 36 | J12: Closest to Pin #1 | K12: =IF(AND(K$4=9,NOT(K$5=0)),_xlfn.XLOOKUP(K$5,'Side Games 9'!C$2:BM$2,'Side Games 9'!C10:BM10),IF(AND(K$4=18,NOT(K$5=0)),_xlfn.XLOOKUP(K$5,'Side Games 18'!C$2:BM$2,'Side Games 18'!C10:BM10),"")) | L12: =IF(K12=0,"",K12)
A13: Closest to Pin #2 | B13: =IF(AND(B$4=9,NOT(B$5=0)),_xlfn.XLOOKUP(B$5,'Side Games 9'!C$2:BM$2,'Side Games 9'!C11:BM11),IF(AND(B$4=18,NOT(B$5=0)),_xlfn.XLOOKUP(B$5,'Side Games 18'!C$2:BM$2,'Side Games 18'!C11:BM11),"")) -> 36 | C13: =IF(B13=0,"",B13) -> 36 | J13: Closest to Pin #2 | K13: =IF(AND(K$4=9,NOT(K$5=0)),_xlfn.XLOOKUP(K$5,'Side Games 9'!C$2:BM$2,'Side Games 9'!C11:BM11),IF(AND(K$4=18,NOT(K$5=0)),_xlfn.XLOOKUP(K$5,'Side Games 18'!C$2:BM$2,'Side Games 18'!C11:BM11),"")) | L13: =IF(K13=0,"",K13)
A14: Closest to Pin #3 | B14: =IF(AND(B$4=9,NOT(B$5=0)),"Only for 18s",IF(AND(B$4=18,NOT(B$5=0)),_xlfn.XLOOKUP(B$5,'Side Games 18'!C$2:BM$2,'Side Games 18'!C12:BM12),"")) -> No Game | C14: =IF(OR(B14=0,B14="Only for 18s"),"",B14) -> No Game | J14: Closest to Pin #3 | K14: =IF(AND(K$4=9,NOT(K$5=0)),"Only for 18s",IF(AND(K$4=18,NOT(K$5=0)),_xlfn.XLOOKUP(K$5,'Side Games 18'!C$2:BM$2,'Side Games 18'!C12:BM12),"")) | L14: =IF(OR(K14=0,K14="Only for 18s"),"",K14) | V14: MVP | W14: 44
A15: Closest to Pin #4 | B15: =IF(AND(B$4=9,NOT(B$5=0)),"Only for 18s",IF(AND(B$4=18,NOT(B$5=0)),_xlfn.XLOOKUP(B$5,'Side Games 18'!C$2:BM$2,'Side Games 18'!C13:BM13),"")) -> No Game | C15: =IF(OR(B15=0,B15="Only for 18s"),"",B15) -> No Game | J15: Closest to Pin #4 | K15: =IF(AND(K$4=9,NOT(K$5=0)),"Only for 18s",IF(AND(K$4=18,NOT(K$5=0)),_xlfn.XLOOKUP(K$5,'Side Games 18'!C$2:BM$2,'Side Games 18'!C13:BM13),"")) | L15: =IF(OR(K15=0,K15="Only for 18s"),"",K15) | V15: TGF MVP | W15: 80
A16: Hole-In-One | B16: =IF(B4=9,_xlfn.XLOOKUP(B5,'Side Games 9'!C2:BM2,'Side Games 9'!C12:BM12),IF(B4=18,_xlfn.XLOOKUP(B5,'Side Games 18'!C2:BM2,'Side Games 18'!C14:BM14),"")) -> 36 | J16: Hole-In-One | K16: =IF(K4=9,_xlfn.XLOOKUP(K5,'Side Games 9'!C2:BM2,'Side Games 9'!C12:BM12),IF(K4=18,_xlfn.XLOOKUP(K5,'Side Games 18'!C2:BM2,'Side Games 18'!C14:BM14),"")) -> #N/A | V16: NET | W16: 66
A17: Subtotal | B17: =SUM(B11:B16) -> 252 | C17: =SUM(C11:C16) -> 108 | J17: Subtotal | K17: =SUM(K11:K16) -> #N/A | L17: =SUM(L11:L16) -> #N/A | W17: =SUM(W14:W16) -> 190
A19: NET Games | B19: Prize Fund | C19: MWP | D19: Flights | E19: 1st | F19: 2nd | G19: 3rd | H19: 4th | J19: NET Games | K19: Prize Fund | L19: MWP | M19: Flights | N19: 1st | O19: 2nd | P19: 3rd | Q19: 4th
A20: Individual Net | B20: =IF(AND(B4=9,NOT(B6=0)),_xlfn.XLOOKUP(B6,'Side Games 9'!C14:BM14,'Side Games 9'!C16:BM16),IF(AND(B4=18,NOT(B6=0)),_xlfn.XLOOKUP(B6,'Side Games 18'!C16:BM16,'Side Games 18'!C18:BM18),"")) -> 238 | C20: =IF(AND(B4=9,NOT(B6=0)),_xlfn.XLOOKUP(B6,'Side Games 9'!C14:BM14,'Side Games 9'!C17:BM17),IF(AND(B4=18,NOT(B6=0)),_xlfn.XLOOKUP(B6,'Side Games 18'!C16:BM16,'Side Games 18'!C20:BM20),"")) -> 119 | D20: =IF(AND(B4=9,NOT(B6=0)),_xlfn.XLOOKUP(B6,'Side Games 9'!C14:BM14,'Side Games 9'!C23:BM23),IF(AND(B4=18,NOT(B6=0)),_xlfn.XLOOKUP(B6,'Side Games 18'!C16:BM16,'Side Games 18'!C36:BM36),"")) -> 1 | E20: =IF(AND(B4=9,NOT(B6=0)),_xlfn.XLOOKUP(B6,'Side Games 9'!C14:BM14,'Side Games 9'!C17:BM17),IF(AND(B4=18,NOT(B6=0)),_xlfn.XLOOKUP(B6,'Side Games 18'!C16:BM16,'Side Games 18'!C20:BM20),"")) -> 119 | F20: =IF(AND(B4=9,NOT(B6=0)),_xlfn.XLOOKUP(B6,'Side Games 9'!C14:BM14,'Side Games 9'!C18:BM18),IF(AND(B4=18,NOT(B6=0)),_xlfn.XLOOKUP(B6,'Side Games 18'!C16:BM16,'Side Games 18'!C21:BM21),"")) -> 71.4 | G20: =IF(AND(B4=9,NOT(B6=0)),_xlfn.XLOOKUP(B6,'Side Games 9'!C14:BM14,'Side Games 9'!C19:BM19),IF(AND(B4=18,NOT(B6=0)),_xlfn.XLOOKUP(B6,'Side Games 18'!C16:BM16,'Side Games 18'!C22:BM22),"")) -> 47.6 | H20: =IF(AND(B4=9,NOT(B6=0)),_xlfn.XLOOKUP(B6,'Side Games 9'!C14:BM14,'Side Games 9'!C20:BM20),IF(AND(B4=18,NOT(B6=0)),_xlfn.XLOOKUP(B6,'Side Games 18'!C16:BM16,'Side Games 18'!C23:BM23),"")) -> 0 | J20: Individual Net | K20: =IF(AND(K4=9,NOT(K6=0)),_xlfn.XLOOKUP(K5,'Side Games 9'!C14:BM14,'Side Games 9'!C16:BM16),IF(AND(K4=18,NOT(K6=0)),_xlfn.XLOOKUP(K6,'Side Games 18'!C16:BM16,'Side Games 18'!C18:BM18),"")) | L20: =IF(AND(K4=9,NOT(K6=0)),_xlfn.XLOOKUP(K6,'Side Games 9'!C14:BM14,'Side Games 9'!C17:BM17),IF(AND(K4=18,NOT(K6=0)),_xlfn.XLOOKUP(K6,'Side Games 18'!C16:BM16,'Side Games 18'!C20:BM20),"")) | M20: =IF(AND(K4=9,NOT(K6=0)),_xlfn.XLOOKUP(K6,'Side Games 9'!C14:BM14,'Side Games 9'!C23:BM23),IF(AND(K4=18,NOT(K6=0)),_xlfn.XLOOKUP(K6,'Side Games 18'!C16:BM16,'Side Games 18'!C36:BM36),"")) | N20: =IF(AND(K4=9,NOT(K6=0)),_xlfn.XLOOKUP(K6,'Side Games 9'!C14:BM14,'Side Games 9'!C17:BM17),IF(AND(K4=18,NOT(K6=0)),_xlfn.XLOOKUP(K6,'Side Games 18'!C16:BM16,'Side Games 18'!C20:BM20),"")) | O20: =IF(AND(K4=9,NOT(K6=0)),_xlfn.XLOOKUP(K6,'Side Games 9'!C14:BM14,'Side Games 9'!C18:BM18),IF(AND(K4=18,NOT(K6=0)),_xlfn.XLOOKUP(K6,'Side Games 18'!C16:BM16,'Side Games 18'!C21:BM21),"")) | P20: =IF(AND(K4=9,NOT(K6=0)),_xlfn.XLOOKUP(K6,'Side Games 9'!C14:BM14,'Side Games 9'!C19:BM19),IF(AND(K4=18,NOT(K6=0)),_xlfn.XLOOKUP(K6,'Side Games 18'!C16:BM16,'Side Games 18'!C22:BM22),"")) | Q20: =IF(AND(K4=9,NOT(K6=0)),_xlfn.XLOOKUP(K6,'Side Games 9'!C14:BM14,'Side Games 9'!C20:BM20),IF(AND(K4=18,NOT(K6=0)),_xlfn.XLOOKUP(K6,'Side Games 18'!C16:BM16,'Side Games 18'!C23:BM23),""))
A21: City MVP | B21: =IF(AND(B4=9,NOT(B6=0)),_xlfn.XLOOKUP(B6,'Side Games 9'!C14:BM14,'Side Games 9'!C24:BM24),IF(AND(B4=18,NOT(B6=0)),_xlfn.XLOOKUP(B6,'Side Games 18'!C16:BM16,'Side Games 18'!C37:BM37),"")) -> 100 | C21: =B21 -> 100 | J21: City MVP | K21: =IF(AND(K4=9,NOT(K6=0)),_xlfn.XLOOKUP(K6,'Side Games 9'!C14:BM14,'Side Games 9'!C24:BM24),IF(AND(K4=18,NOT(K6=0)),_xlfn.XLOOKUP(K6,'Side Games 18'!C16:BM16,'Side Games 18'!C37:BM37),"")) | L21: =K21
A22: TGF MVP | B22: =IF(OR(K5="",K5=0,B4=18),"No Game",SUM(B21+K21)) -> No Game | C22: =B22 -> No Game | J22: TGF MVP | K22: =IF(OR(K5="",K5=0,K4=18),"No Game",SUM(B21+K21)) -> No Game | L22: =K22 -> No Game
A23: Subtotal | B23: =SUM(B20:B22) -> 338 | C23: =SUM(C20:C22) -> 219 | J23: Subtotal | K23: =SUM(K20:K22) -> 0 | L23: =SUM(L20:L22) -> 0
A25: GROSS Games | B25: Prize Fund | C25: MWP | D25: Flights | E25: 1st | F25: 2nd | J25: GROSS Games | K25: Prize Fund | L25: MWP | M25: Flights | N25: 1st | O25: 2nd
A26: Skins | B26: =IF(AND(B4=9,NOT(B7=0)),_xlfn.XLOOKUP(B7,'Side Games 9'!C27:BM27,'Side Games 9'!C29:BM29),IF(AND(B4=18,NOT(B7=0)),_xlfn.XLOOKUP(B7,'Side Games 18'!C39:BM39,'Side Games 18'!C41:BM41),"")) -> 234 | C26: =SUM(B26/D26) -> 117 | D26: =IF(AND(B4=9,NOT(B7=0)),_xlfn.XLOOKUP(B7,'Side Games 9'!C27:BM27,'Side Games 9'!C39:BM39),IF(AND(B4=18,NOT(B7=0)),_xlfn.XLOOKUP(B7,'Side Games 18'!C39:BM39,'Side Games 18'!C51:BM51),"")) -> 2 | J26: Skins | K26: =IF(AND(K4=9,NOT(K7=0)),_xlfn.XLOOKUP(K7,'Side Games 9'!C27:BM27,'Side Games 9'!C29:BM29),IF(AND(K4=18,NOT(K7=0)),_xlfn.XLOOKUP(K7,'Side Games 18'!C39:BM39,'Side Games 18'!C41:BM41),"")) | L26: =IF(OR(K26="",K26=0),"",SUM(K26/M26)) | M26: =IF(AND(K4=9,NOT(K7=0)),_xlfn.XLOOKUP(K7,'Side Games 9'!C27:BM27,'Side Games 9'!C39:BM39),IF(AND(K4=18,NOT(K7=0)),_xlfn.XLOOKUP(K7,'Side Games 18'!C39:BM39,'Side Games 18'!C51:BM51),""))
A27: Individual Gross | B27: =IF(AND(B4=9,NOT(B7=0)),_xlfn.XLOOKUP(B7,'Side Games 9'!C27:BM27,'Side Games 9'!C40:BM40),IF(AND(B4=18,NOT(B7=0)),_xlfn.XLOOKUP(B7,'Side Games 18'!C39:BM39,'Side Games 18'!C52:BM52),"")) -> 0 | C27: =IF(AND(B4=9,NOT(B7=0)),_xlfn.XLOOKUP(B7,'Side Games 9'!C27:BM27,'Side Games 9'!C41:BM41),IF(AND(B4=18,NOT(B7=0)),_xlfn.XLOOKUP(B7,'Side Games 18'!C39:BM39,'Side Games 18'!C53:BM53),"")) -> No Game | D27: =IF(AND(B4=9,NOT(B7=0)),_xlfn.XLOOKUP(B7,'Side Games 9'!C27:BM27,'Side Games 9'!C42:BM42),IF(AND(B4=18,NOT(B7=0)),_xlfn.XLOOKUP(B7,'Side Games 18'!C39:BM39,'Side Games 18'!C55:BM55),"")) -> No Game | E27: =IF(AND(B4=9,NOT(B7=0)),_xlfn.XLOOKUP(B7,'Side Games 9'!C27:BM27,'Side Games 9'!C41:BM41),IF(AND(B4=18,NOT(B7=0)),_xlfn.XLOOKUP(B7,'Side Games 18'!C39:BM39,'Side Games 18'!C53:BM53),"")) -> No Game | F27: =IF(B4=9,0,IF(AND(B4=18,NOT(B7=0)),_xlfn.XLOOKUP(B7,'Side Games 18'!C39:BM39,'Side Games 18'!C54:BM54),"")) -> No Game | J27: Individual Gross | K27: =IF(AND(K4=9,NOT(K7=0)),_xlfn.XLOOKUP(K7,'Side Games 9'!C27:BM27,'Side Games 9'!C40:BM40),IF(AND(K4=18,NOT(K7=0)),_xlfn.XLOOKUP(K7,'Side Games 18'!C39:BM39,'Side Games 18'!C52:BM52),"")) | L27: =IF(AND(K4=9,NOT(K7=0)),_xlfn.XLOOKUP(K7,'Side Games 9'!C27:BM27,'Side Games 9'!C41:BM41),IF(AND(K4=18,NOT(K7=0)),_xlfn.XLOOKUP(K7,'Side Games 18'!C39:BM39,'Side Games 18'!C53:BM53),"")) | M27: =IF(AND(K4=9,NOT(K7=0)),_xlfn.XLOOKUP(K7,'Side Games 9'!C27:BM27,'Side Games 9'!C42:BM42),IF(AND(K4=18,NOT(K7=0)),_xlfn.XLOOKUP(K7,'Side Games 18'!C39:BM39,'Side Games 18'!C55:BM55),"")) | N27: =IF(AND(K4=9,NOT(K7=0)),_xlfn.XLOOKUP(K7,'Side Games 9'!C27:BM27,'Side Games 9'!C41:BM41),IF(AND(K4=18,NOT(K7=0)),_xlfn.XLOOKUP(K7,'Side Games 18'!C39:BM39,'Side Games 18'!C53:BM53),"")) | O27: =IF(K4=9,0,IF(AND(K4=18,NOT(K7=0)),_xlfn.XLOOKUP(K7,'Side Games 18'!C39:BM39,'Side Games 18'!C54:BM54),""))
A28: Subtotal | B28: =SUM(B26:B27) -> 234 | C28: =SUM(C26:C27) -> 117 | J28: Subtotal | K28: =SUM(K26:K27) -> 0 | L28: =SUM(L26:L27) -> 0
A30: TOTAL | B30: =SUM(B17,B23,B28) -> 824 | C30: =SUM(C17,C23,C28) -> 444 | J30: TOTAL | K30: =SUM(K17,K23,K28) -> #N/A | L30: =SUM(L17,L23,L28) -> #N/A
A31: Difference | B31: =SUM(C8-B30) -> 0 | J31: Difference | K31: =SUM(L8-K30) -> #N/A
A34: GRAND TOTAL | B34: =SUM(B30+K30) -> #N/A

Sheet Side Games 9
A1: 9 HOLE EVENTS
A2: EVENT Games | B2: 7 | C2: 2 | D2: 3 | E2: 4 | F2: 5 | G2: 6 | H2: 7 | I2: 8 | J2: 9 | K2: 10 | L2: 11 | M2: 12 | N2: 13 | O2: 14 | P2: 15 | Q2: 16 | R2: 17 | S2: 18 | T2: 19 | U2: 20 | V2: 21 | W2: 22 | X2: 23 | Y2: 24 | Z2: 25 | AA2: 26 | AB2: 27 | AC2: 28 | AD2: 29 | AE2: 30 | AF2: 31 | AG2: 32 | AH2: 33 | AI2: 34 | AJ2: 35 | AK2: 36 | AL2: 37 | AM2: 38 | AN2: 39 | AO2: 40 | AP2: 41 | AQ2: 42 | AR2: 43 | AS2: 44 | AT2: 45 | AU2: 46 | AV2: 47 | AW2: 48 | AX2: 49 | AY2: 50 | AZ2: 51 | BA2: 52 | BB2: 53 | BC2: 54 | BD2: 55 | BE2: 56 | BF2: 57 | BG2: 58 | BH2: 59 | BI2: 60 | BJ2: 61 | BK2: 62 | BL2: 63 | BM2: 64
A3: TOTAL POT | C3: =SUM(C2*$B2) -> 14 | D3: =SUM(D2*$B2) -> 21 | E3: =SUM(E2*$B2) -> 28 | F3: =SUM(F2*$B2) -> 35 | G3: =SUM(G2*$B2) -> 42 | H3: =SUM(H2*$B2) -> 49 | I3: =SUM(I2*$B2) -> 56 | J3: =SUM(J2*$B2) -> 63 | ... BM3: =SUM(BM2*$B2) -> 448
A4: TEAM GAMES | B4: 4 | C4: No Event | D4: No Event | E4: =SUM(E14*$B4)+SUM(E2*$B9) -> 24 | F4: =SUM(F14*$B4)+SUM(F2*$B9) -> 30 | G4: =SUM(G14*$B4)+SUM(G2*$B9) -> 36 | H4: =SUM(H14*$B4)+SUM(H2*$B9) -> 42 | I4: =SUM(I14*$B4)+SUM(I2*$B9) -> 48 | J4: =SUM(J14*$B4)+SUM(J2*$B9) -> 54 | K4: =SUM(K14*$B4)+SUM(K2*$B9) -> 60 | L4: =SUM(L14*$B4)+SUM(L2*$B9) -> 66 | ... P4: =SUM(P14*$B4)+SUM(P2*$B9) -> 90 | Q4: =SUM(Q14*$B4) -> 64 | R4: =SUM(R14*$B4) -> 68 | S4: =SUM(S14*$B4) -> 72 | T4: =SUM(T14*$B4) -> 76 | U4: =SUM(U14*$B4) -> 80 | V4: =SUM(V14*$B4) -> 84 | W4: =SUM(W14*$B4) -> 88 | X4: =SUM(X14*$B4) -> 92 | ... BM4: =SUM(BM14*$B4) -> 256
B5: 1st Place | C5: No Event | D5: No Event | E5: =E4 -> 24 | F5: =F4 -> 30 | G5: =G4 -> 36 | H5: =H4 -> 42 | I5: =I4 -> 48 | J5: =J4 -> 54 | K5: =K4 -> 60 | L5: =L4 -> 66 | M5: =SUM(M4*0.6666666666) -> 48 | N5: =SUM(N4*0.6666666666) -> 52 | O5: =SUM(O4*0.6666666666) -> 56 | P5: =SUM(P4*0.6666666666) -> 60 | Q5: =Q4 -> 64 | R5: =R4 -> 68 | S5: =S4 -> 72 | T5: =T4 -> 76 | U5: =U4 -> 80 | V5: =V4 -> 84 | W5: =W4 -> 88 | X5: =X4 -> 92 | ... AV5: =AV4 -> 188 | AW5: =SUM(AW4*0.6666666666) -> 128 | AX5: =SUM(AX4*0.6666666666) -> 130.66667 | AY5: =SUM(AY4*0.6666666666) -> 133.33333 | AZ5: =SUM(AZ4*0.6666666666) -> 136 | BA5: =SUM(BA4*0.6666666666) -> 138.66667 | BB5: =SUM(BB4*0.6666666666) -> 141.33333 | BC5: =SUM(BC4*0.6666666666) -> 144 | BD5: =SUM(BD4*0.6666666666) -> 146.66667 | ... BM5: =SUM(BM4*0.6666666666) -> 170.66667
B6: 2nd Place | C6: No Event | D6: No Event | M6: =SUM(M4*0.33333333333) -> 24 | N6: =SUM(N4*0.33333333333) -> 26 | O6: =SUM(O4*0.33333333333) -> 28 | P6: =SUM(P4*0.33333333333) -> 30 | AW6: =SUM(AW4*0.33333333333) -> 64 | AX6: =SUM(AX4*0.33333333333) -> 65.333333 | AY6: =SUM(AY4*0.33333333333) -> 66.666667 | AZ6: =SUM(AZ4*0.33333333333) -> 68 | BA6: =SUM(BA4*0.33333333333) -> 69.333333 | BB6: =SUM(BB4*0.33333333333) -> 70.666667 | BC6: =SUM(BC4*0.33333333333) -> 72 | BD6: =SUM(BD4*0.33333333333) -> 73.333333 | ... BM6: =SUM(BM4*0.33333333333) -> 85.333333
B7: MWP | C7: No Event | D7: No Event | E7: =IF(E8="CART Net",SUM(E5/2),IF(E8="TEAM Net",SUM(E5/4),"")) -> 12 | F7: =IF(F8="CART Net",SUM(F5/2),IF(F8="TEAM Net",SUM(F5/4),"")) -> 15 | G7: =IF(G8="CART Net",SUM(G5/2),IF(G8="TEAM Net",SUM(G5/4),"")) -> 18 | H7: =IF(H8="CART Net",SUM(H5/2),IF(H8="TEAM Net",SUM(H5/4),"")) -> 21 | I7: =IF(I8="CART Net",SUM(I5/2),IF(I8="TEAM Net",SUM(I5/4),"")) -> 24 | J7: =IF(J8="CART Net",SUM(J5/2),IF(J8="TEAM Net",SUM(J5/4),"")) -> 27 | K7: =IF(K8="CART Net",SUM(K5/2),IF(K8="TEAM Net",SUM(K5/4),"")) -> 30 | L7: =IF(L8="CART Net",SUM(L5/2),IF(L8="TEAM Net",SUM(L5/4),"")) -> 33 | ... BM7: =IF(BM8="CART Net",SUM(BM5/2),IF(BM8="TEAM Net",SUM(BM5/4),"")) -> 42.666667
C8: No Event | D8: No Event | E8: CART Net | F8: CART Net | G8: CART Net | H8: CART Net | I8: CART Net | J8: CART Net | K8: CART Net | L8: CART Net | M8: CART Net | N8: CART Net | O8: CART Net | P8: CART Net | Q8: TEAM Net | R8: TEAM Net | S8: TEAM Net | T8: TEAM Net | U8: TEAM Net | V8: TEAM Net | W8: TEAM Net | X8: TEAM Net | Y8: TEAM Net | Z8: TEAM Net | AA8: TEAM Net | AB8: TEAM Net | AC8: TEAM Net | AD8: TEAM Net | AE8: TEAM Net | AF8: TEAM Net | AG8: TEAM Net | AH8: TEAM Net | AI8: TEAM Net | AJ8: TEAM Net | AK8: TEAM Net | AL8: TEAM Net | AM8: TEAM Net | AN8: TEAM Net | AO8: TEAM Net | AP8: TEAM Net | AQ8: TEAM Net | AR8: TEAM Net | AS8: TEAM Net | AT8: TEAM Net | AU8: TEAM Net | AV8: TEAM Net | AW8: TEAM Net | AX8: TEAM Net | AY8: TEAM Net | AZ8: TEAM Net | BA8: TEAM Net | BB8: TEAM Net | BC8: TEAM Net | BD8: TEAM Net | BE8: TEAM Net | BF8: TEAM Net | BG8: TEAM Net | BH8: TEAM Net | BI8: TEAM Net | BJ8: TEAM Net | BK8: TEAM Net | BL8: TEAM Net | BM8: TEAM Net
A9: CLOSEST TO PINS | B9: 2 | C9: No Event | D9: No Event | Q9: =$B9*Q27 -> 32 | R9: =$B9*R27 -> 34 | S9: =$B9*S27 -> 36 | T9: =$B9*T27 -> 38 | U9: =SUM(U14*$B9) -> 40 | V9: =SUM(V14*$B9) -> 42 | W9: =SUM(W14*$B9) -> 44 | X9: =SUM(X14*$B9) -> 46 | Y9: =SUM(Y14*$B9) -> 48 | Z9: =SUM(Z14*$B9) -> 50 | AA9: =SUM(AA14*$B9) -> 52 | AB9: =SUM(AB14*$B9) -> 54 | ... BM9: =SUM(BM14*$B9) -> 128
A10: CLOSEST TO PIN #1 | C10: No Event | D10: No Event | E10: No Game | F10: No Game | G10: No Game | H10: No Game | I10: No Game | J10: No Game | K10: No Game | L10: No Game | M10: No Game | N10: No Game | O10: No Game | P10: No Game | Q10: =Q9*0.5 -> 16 | R10: =R9*0.5 -> 17 | S10: =S9*0.5 -> 18 | T10: =T9*0.5 -> 19 | U10: =U9*0.5 -> 20 | V10: =V9*0.5 -> 21 | W10: =W9*0.5 -> 22 | X10: =X9*0.5 -> 23 | ... BM10: =BM9*0.5 -> 64
A11: CLOSEST TO PIN #2 | C11: No Event | D11: No Event | E11: No Game | F11: No Game | G11: No Game | H11: No Game | I11: No Game | J11: No Game | K11: No Game | L11: No Game | M11: No Game | N11: No Game | O11: No Game | P11: No Game | Q11: =Q10 -> 16 | R11: =R10 -> 17 | S11: =S10 -> 18 | T11: =T10 -> 19 | U11: =U10 -> 20 | V11: =V10 -> 21 | W11: =W10 -> 22 | X11: =X10 -> 23 | ... BM11: =BM10 -> 64
A12: HOLE-IN-ONE POT | B12: 1 | C12: No Event | D12: No Event | E12: =SUM(E14*$B12) -> 4 | F12: =SUM(F14*$B12) -> 5 | G12: =SUM(G14*$B12) -> 6 | H12: =SUM(H14*$B12) -> 7 | I12: =SUM(I14*$B12) -> 8 | J12: =SUM(J14*$B12) -> 9 | K12: =SUM(K14*$B12) -> 10 | L12: =SUM(L14*$B12) -> 11 | ... BM12: =SUM(BM14*$B12) -> 64
A14: NET Games | B14: 13 | C14: 2 | D14: 3 | E14: 4 | F14: 5 | G14: 6 | H14: 7 | I14: 8 | J14: 9 | K14: 10 | L14: 11 | M14: 12 | N14: 13 | O14: 14 | P14: 15 | Q14: 16 | R14: 17 | S14: 18 | T14: 19 | U14: 20 | V14: 21 | W14: 22 | X14: 23 | Y14: 24 | Z14: 25 | AA14: 26 | AB14: 27 | AC14: 28 | AD14: 29 | AE14: 30 | AF14: 31 | AG14: 32 | AH14: 33 | AI14: 34 | AJ14: 35 | AK14: 36 | AL14: 37 | AM14: 38 | AN14: 39 | AO14: 40 | AP14: 41 | AQ14: 42 | AR14: 43 | AS14: 44 | AT14: 45 | AU14: 46 | AV14: 47 | AW14: 48 | AX14: 49 | AY14: 50 | AZ14: 51 | BA14: 52 | BB14: 53 | BC14: 54 | BD14: 55 | BE14: 56 | BF14: 57 | BG14: 58 | BH14: 59 | BI14: 60 | BJ14: 61 | BK14: 62 | BL14: 63 | BM14: 64
A15: TOTAL POT | C15: =SUM(C14*$B14) -> 26 | D15: =SUM(D14*$B14) -> 39 | E15: =SUM(E14*$B14) -> 52 | F15: =SUM(F14*$B14) -> 65 | G15: =SUM(G14*$B14) -> 78 | H15: =SUM(H14*$B14) -> 91 | I15: =SUM(I14*$B14) -> 104 | J15: =SUM(J14*$B14) -> 117 | ... BM15: =SUM(BM14*$B14) -> 832
A16: INDIVIDUAL NET | B16: 9 | C16: =SUM($B16*C14) -> 18 | D16: =SUM($B16*D14) -> 27 | E16: =SUM($B16*E14) -> 36 | F16: =SUM($B16*F14) -> 45 | G16: =SUM($B16*G14) -> 54 | H16: =SUM($B16*H14) -> 63 | I16: =SUM($B16*I14) -> 72 | J16: =SUM($B16*J14) -> 81 | ... BM16: =SUM($B16*BM14) -> 576
A17: LOW FLIGHT | B17: 1st Place | C17: No Event | D17: No Event | E17: =SUM(E16*1) -> 36 | F17: =SUM(F16*1) -> 45 | G17: =SUM(G16*1) -> 54 | H17: =SUM(H16*1) -> 63 | I17: =ROUND(SUM(I16*0.6666666),2) -> 48 | J17: =ROUND(SUM(J16*0.6666666),2) -> 54 | K17: =ROUND(SUM(K16*0.6666666),2) -> 60 | L17: =ROUND(SUM(L16*0.6666666),2) -> 66 | M17: =M16*0.5 -> 54 | N17: =N16*0.5 -> 58.5 | O17: =O16*0.5 -> 63 | P17: =P16*0.5 -> 67.5 | Q17: =ROUND(SUM(Q16*0.5*0.66666666),2) -> 48 | R17: =ROUND(SUM(R16*0.5*0.66666666),2) -> 51 | S17: =ROUND(SUM(S16*0.5*0.66666666),2) -> 54 | T17: =ROUND(SUM(T16*0.5*0.66666666),2) -> 57 | U17: =ROUND(SUM(U16*0.5*0.66666666),2) -> 60 | V17: =ROUND(SUM(V16*0.5*0.66666666),2) -> 63 | W17: =ROUND(SUM(W16*0.5*0.66666666),2) -> 66 | X17: =ROUND(SUM(X16*0.5*0.66666666),2) -> 69 | Y17: =ROUND((SUM(Y16/2)*0.6666666666666),2) -> 72 | Z17: =ROUND((SUM(Z16/2)*0.6666666666666),2) -> 75 | AA17: =ROUND((SUM(AA16/2)*0.6666666666666),2) -> 78 | AB17: =ROUND((SUM(AB16/2)*0.6666666666666),2) -> 81 | AC17: =SUM(AC16/2)*0.5 -> 63 | AD17: =SUM(AD16/2)*0.5 -> 65.25 | AE17: =SUM(AE16/2)*0.5 -> 67.5 | AF17: =SUM(AF16/2)*0.5 -> 69.75 | AG17: =SUM(AG16/2)*0.5 -> 72 | AH17: =SUM(AH16/2)*0.5 -> 74.25 | AI17: =SUM(AI16/2)*0.5 -> 76.5 | AJ17: =SUM(AJ16/2)*0.5 -> 78.75 | ... BM17: =SUM(BM16/2)*0.5 -> 144
B18: 2nd Place | C18: No Event | D18: No Event | I18: =ROUND(SUM(I16*0.333333),2) -> 24 | J18: =ROUND(SUM(J16*0.333333),2) -> 27 | K18: =ROUND(SUM(K16*0.333333),2) -> 30 | L18: =ROUND(SUM(L16*0.333333),2) -> 33 | Q18: =ROUND(SUM(Q16*0.5*0.33333333),2) -> 24 | R18: =ROUND(SUM(R16*0.5*0.33333333),2) -> 25.5 | S18: =ROUND(SUM(S16*0.5*0.33333333),2) -> 27 | T18: =ROUND(SUM(T16*0.5*0.33333333),2) -> 28.5 | U18: =ROUND(SUM(U16*0.5*0.33333333),2) -> 30 | V18: =ROUND(SUM(V16*0.5*0.33333333),2) -> 31.5 | W18: =ROUND(SUM(W16*0.5*0.33333333),2) -> 33 | X18: =ROUND(SUM(X16*0.5*0.33333333),2) -> 34.5 | Y18: =ROUND((SUM(Y16-Y17-Y20)/2),2) -> 36 | Z18: =ROUND((SUM(Z16-Z17-Z20)/2),2) -> 37.5 | AA18: =ROUND((SUM(AA16-AA17-AA20)/2),2) -> 39 | AB18: =ROUND((SUM(AB16-AB17-AB20)/2),2) -> 40.5 | AC18: =SUM(AC$16/2)*0.3 -> 37.8 | AD18: =SUM(AD$16/2)*0.3 -> 39.15 | AE18: =SUM(AE$16/2)*0.3 -> 40.5 | AF18: =SUM(AF$16/2)*0.3 -> 41.85 | AG18: =SUM(AG$16/2)*0.3 -> 43.2 | AH18: =SUM(AH$16/2)*0.3 -> 44.55 | AI18: =SUM(AI$16/2)*0.3 -> 45.9 | AJ18: =SUM(AJ$16/2)*0.3 -> 47.25 | ... BM18: =SUM(BM$16/2)*0.3 -> 86.4
B19: 3rd Place | C19: No Event | D19: No Event | AC19: =SUM(AC$16/2)*0.2 -> 25.2 | AD19: =SUM(AD$16/2)*0.2 -> 26.1 | AE19: =SUM(AE$16/2)*0.2 -> 27 | AF19: =SUM(AF$16/2)*0.2 -> 27.9 | AG19: =SUM(AG$16/2)*0.2 -> 28.8 | AH19: =SUM(AH$16/2)*0.2 -> 29.7 | AI19: =SUM(AI$16/2)*0.2 -> 30.6 | AJ19: =SUM(AJ$16/2)*0.2 -> 31.5 | ... BM19: =SUM(BM$16/2)*0.2 -> 57.6
A20: HIGH FLIGHT | B20: 1st Place | C20: No Event | D20: No Event | M20: =M17 -> 54 | N20: =N17 -> 58.5 | O20: =O17 -> 63 | P20: =P17 -> 67.5 | Q20: =Q17 -> 48 | R20: =R17 -> 51 | S20: =S17 -> 54 | T20: =T17 -> 57 | ... BM20: =BM17 -> 144
B21: 2nd Place | C21: No Event | D21: No Event | Q21: =Q18 -> 24 | R21: =R18 -> 25.5 | S21: =S18 -> 27 | T21: =T18 -> 28.5 | U21: =U18 -> 30 | V21: =V18 -> 31.5 | W21: =W18 -> 33 | X21: =X18 -> 34.5 | ... BM21: =BM18 -> 86.4
B22: 3rd Place | C22: No Event | D22: No Event | AC22: =AC19 -> 25.2 | AD22: =AD19 -> 26.1 | AE22: =AE19 -> 27 | AF22: =AF19 -> 27.9 | AG22: =AG19 -> 28.8 | AH22: =AH19 -> 29.7 | AI22: =AI19 -> 30.6 | AJ22: =AJ19 -> 31.5 | ... BM22: =BM19 -> 57.6
A23: FLIGHTS | C23: No Event | D23: No Event | E23: 1 | F23: 1 | G23: 1 | H23: 1 | I23: 1 | J23: 1 | K23: 1 | L23: 1 | M23: 2 | N23: 2 | O23: 2 | P23: 2 | Q23: 2 | R23: 2 | S23: 2 | T23: 2 | U23: 2 | V23: 2 | W23: 2 | X23: 2 | Y23: 2 | Z23: 2 | AA23: 2 | AB23: 2 | AC23: 2 | AD23: 2 | AE23: 2 | AF23: 2 | AG23: 2 | AH23: 2 | AI23: 2 | AJ23: 2 | AK23: 2 | AL23: 2 | AM23: 2 | AN23: 2 | AO23: 2 | AP23: 2 | AQ23: 2 | AR23: 2 | AS23: 2 | AT23: 2 | AU23: 2 | AV23: 2 | AW23: 2 | AX23: 2 | AY23: 2 | AZ23: 2 | BA23: 2 | BB23: 2 | BC23: 2 | BD23: 2 | BE23: 2 | BF23: 2 | BG23: 2 | BH23: 2 | BI23: 2 | BJ23: 2 | BK23: 2 | BL23: 2 | BM23: 2
A24: CITY MVP | B24: 2 | C24: =SUM(C14*$B24) -> 4 | D24: =SUM(D14*$B24) -> 6 | E24: =SUM(E14*$B24) -> 8 | F24: =SUM(F14*$B24) -> 10 | G24: =SUM(G14*$B24) -> 12 | H24: =SUM(H14*$B24) -> 14 | I24: =SUM(I14*$B24) -> 16 | J24: =SUM(J14*$B24) -> 18 | ... BM24: =SUM(BM14*$B24) -> 128
A25: TGF MVP | B25: 2 | C25: =SUM(C14*$B25) -> 4 | D25: =SUM(D14*$B25) -> 6 | E25: =SUM(E14*$B25) -> 8 | F25: =SUM(F14*$B25) -> 10 | G25: =SUM(G14*$B25) -> 12 | H25: =SUM(H14*$B25) -> 14 | I25: =SUM(I14*$B25) -> 16 | J25: =SUM(J14*$B25) -> 18 | ... BM25: =SUM(BM14*$B25) -> 128
A27: GROSS Games | B27: 15 | C27: =C14 -> 2 | D27: =D14 -> 3 | E27: =E14 -> 4 | F27: =F14 -> 5 | G27: =G14 -> 6 | H27: =H14 -> 7 | I27: =I14 -> 8 | J27: =J14 -> 9 | ... BM27: =BM14 -> 64
A28: TOTAL POT | C28: =SUM(C27*$B27) -> 30 | D28: =SUM(D27*$B27) -> 45 | E28: =SUM(E27*$B27) -> 60 | F28: =SUM(F27*$B27) -> 75 | G28: =SUM(G27*$B27) -> 90 | H28: =SUM(H27*$B27) -> 105 | I28: =SUM(I27*$B27) -> 120 | J28: =SUM(J27*$B27) -> 135 | ... BM28: =SUM(BM27*$B27) -> 960
A29: SKINS | B29: 9 | C29: =SUM($B29*C27)+SUM(C27*$B40) -> 26 | D29: =SUM($B29*D27)+SUM(D27*$B40) -> 39 | E29: =SUM($B29*E27)+SUM(E27*$B40) -> 52 | F29: =SUM($B29*F27)+SUM(F27*$B40) -> 65 | G29: =SUM($B29*G27)+SUM(G27*$B40) -> 78 | H29: =SUM($B29*H27)+SUM(H27*$B40) -> 91 | I29: =SUM($B29*I27)+SUM(I27*$B40) -> 104 | J29: =SUM($B29*J27)+SUM(J27*$B40) -> 117 | ... T29: =SUM($B29*T27)+SUM(T27*$B40) -> 247 | U29: =SUM($B29*U27) -> 180 | V29: =SUM($B29*V27) -> 189 | W29: =SUM($B29*W27) -> 198 | X29: =SUM($B29*X27) -> 207 | Y29: =SUM($B29*Y27) -> 216 | Z29: =SUM($B29*Z27) -> 225 | AA29: =SUM($B29*AA27) -> 234 | AB29: =SUM($B29*AB27) -> 243 | ... BM29: =SUM($B29*BM27) -> 576
B30: 1 Skin | C30: =C29 -> 26 | D30: =D29 -> 39 | E30: =E29 -> 52 | F30: =F29 -> 65 | G30: =G29 -> 78 | H30: =H29 -> 91 | I30: =SUM(I29/2) -> 52 | J30: =SUM(J29/2) -> 58.5 | K30: =SUM(K29/2) -> 65 | L30: =SUM(L29/2) -> 71.5 | M30: =SUM(M29/2) -> 78 | N30: =SUM(N29/2) -> 84.5 | O30: =SUM(O29/2) -> 91 | P30: =SUM(P29/2) -> 97.5 | ... BM30: =SUM(BM29/2) -> 288
B31: 2 Skins | C31: =SUM(C29/2) -> 13 | D31: =SUM(D29/2) -> 19.5 | E31: =SUM(E29/2) -> 26 | F31: =SUM(F29/2) -> 32.5 | G31: =SUM(G29/2) -> 39 | H31: =SUM(H29/2) -> 45.5 | I31: =SUM(I$30/2) -> 26 | J31: =SUM(J$30/2) -> 29.25 | K31: =SUM(K$30/2) -> 32.5 | L31: =SUM(L$30/2) -> 35.75 | M31: =SUM(M$30/2) -> 39 | N31: =SUM(N$30/2) -> 42.25 | O31: =SUM(O$30/2) -> 45.5 | P31: =SUM(P$30/2) -> 48.75 | ... BM31: =SUM(BM$30/2) -> 144
B32: 3 Skins | C32: =SUM(C29/3) -> 8.6666667 | D32: =SUM(D29/3) -> 13 | E32: =SUM(E29/3) -> 17.333333 | F32: =SUM(F29/3) -> 21.666667 | G32: =SUM(G29/3) -> 26 | H32: =SUM(H29/3) -> 30.333333 | I32: =SUM(I$30/3) -> 17.333333 | J32: =SUM(J$30/3) -> 19.5 | K32: =SUM(K$30/3) -> 21.666667 | L32: =SUM(L$30/3) -> 23.833333 | M32: =SUM(M$30/3) -> 26 | N32: =SUM(N$30/3) -> 28.166667 | O32: =SUM(O$30/3) -> 30.333333 | P32: =SUM(P$30/3) -> 32.5 | ... R32: =SUM(R$30/3) -> 36.833333 | S32: 24.67 | T32: =SUM(T$30/3) -> 41.166667 | U32: =SUM(U$30/3) -> 30 | V32: =SUM(V$30/3) -> 31.5 | W32: =SUM(W$30/3) -> 33 | X32: =SUM(X$30/3) -> 34.5 | Y32: =SUM(Y$30/3) -> 36 | Z32: =SUM(Z$30/3) -> 37.5 | AA32: =SUM(AA$30/3) -> 39 | ... BM32: =SUM(BM$30/3) -> 96
B33: 4 Skins | C33: =SUM(C29/4) -> 6.5 | D33: =SUM(D29/4) -> 9.75 | E33: =SUM(E29/4) -> 13 | F33: =SUM(F29/4) -> 16.25 | G33: =SUM(G29/4) -> 19.5 | H33: =SUM(H29/4) -> 22.75 | I33: =SUM(I$30/4) -> 13 | J33: =SUM(J$30/4) -> 14.625 | K33: =SUM(K$30/4) -> 16.25 | L33: =SUM(L$30/4) -> 17.875 | M33: =SUM(M$30/4) -> 19.5 | N33: =SUM(N$30/4) -> 21.125 | O33: =SUM(O$30/4) -> 22.75 | P33: =SUM(P$30/4) -> 24.375 | ... BM33: =SUM(BM$30/4) -> 72
B34: 5 Skins | C34: =SUM(C29/5) -> 5.2 | D34: =SUM(D29/5) -> 7.8 | E34: =SUM(E29/5) -> 10.4 | F34: =SUM(F29/5) -> 13 | G34: =SUM(G29/5) -> 15.6 | H34: =SUM(H29/5) -> 18.2 | I34: =SUM(I$30/5) -> 10.4 | J34: =SUM(J$30/5) -> 11.7 | K34: =SUM(K$30/5) -> 13 | L34: =SUM(L$30/5) -> 14.3 | M34: =SUM(M$30/5) -> 15.6 | N34: =SUM(N$30/5) -> 16.9 | O34: =SUM(O$30/5) -> 18.2 | P34: =SUM(P$30/5) -> 19.5 | ... BM34: =SUM(BM$30/5) -> 57.6
B35: 6 Skins | C35: =SUM(C29/6) -> 4.3333333 | D35: =SUM(D29/6) -> 6.5 | E35: =SUM(E29/6) -> 8.6666667 | F35: =SUM(F29/6) -> 10.833333 | G35: =SUM(G29/6) -> 13 | H35: =SUM(H29/6) -> 15.166667 | I35: =SUM(I$30/6) -> 8.6666667 | J35: =SUM(J$30/6) -> 9.75 | K35: =SUM(K$30/6) -> 10.833333 | L35: =SUM(L$30/6) -> 11.916667 | M35: =SUM(M$30/6) -> 13 | N35: =SUM(N$30/6) -> 14.083333 | O35: =SUM(O$30/6) -> 15.166667 | P35: =SUM(P$30/6) -> 16.25 | ... BM35: =SUM(BM$30/6) -> 48
B36: 7 Skins | C36: =SUM(C29/7) -> 3.7142857 | D36: =SUM(D29/7) -> 5.5714286 | E36: =SUM(E29/7) -> 7.4285714 | F36: =SUM(F29/7) -> 9.2857143 | G36: =SUM(G29/7) -> 11.142857 | H36: =SUM(H29/7) -> 13 | I36: =SUM(I$30/7) -> 7.4285714 | J36: =SUM(J$30/7) -> 8.3571429 | K36: =SUM(K$30/7) -> 9.2857143 | L36: =SUM(L$30/7) -> 10.214286 | M36: =SUM(M$30/7) -> 11.142857 | N36: =SUM(N$30/7) -> 12.071429 | O36: =SUM(O$30/7) -> 13 | P36: =SUM(P$30/7) -> 13.928571 | ... BM36: =SUM(BM$30/7) -> 41.142857
B37: 8 Skins | C37: =SUM(C29/8) -> 3.25 | D37: =SUM(D29/8) -> 4.875 | E37: =SUM(E29/8) -> 6.5 | F37: =SUM(F29/8) -> 8.125 | G37: =SUM(G29/8) -> 9.75 | H37: =SUM(H29/8) -> 11.375 | I37: =SUM(I$30/8) -> 6.5 | J37: =SUM(J$30/8) -> 7.3125 | K37: =SUM(K$30/8) -> 8.125 | L37: =SUM(L$30/8) -> 8.9375 | M37: =SUM(M$30/8) -> 9.75 | N37: =SUM(N$30/8) -> 10.5625 | O37: =SUM(O$30/8) -> 11.375 | P37: =SUM(P$30/8) -> 12.1875 | ... BM37: =SUM(BM$30/8) -> 36
B38: 9 Skins | C38: =SUM(C29/9) -> 2.8888889 | D38: =SUM(D29/9) -> 4.3333333 | E38: =SUM(E29/9) -> 5.7777778 | F38: =SUM(F29/9) -> 7.2222222 | G38: =SUM(G29/9) -> 8.6666667 | H38: =SUM(H29/9) -> 10.111111 | I38: =SUM(I$30/9) -> 5.7777778 | J38: =SUM(J$30/9) -> 6.5 | K38: =SUM(K$30/9) -> 7.2222222 | L38: =SUM(L$30/9) -> 7.9444444 | M38: =SUM(M$30/9) -> 8.6666667 | N38: =SUM(N$30/9) -> 9.3888889 | O38: =SUM(O$30/9) -> 10.111111 | P38: =SUM(P$30/9) -> 10.833333 | ... BM38: =SUM(BM$30/9) -> 32
B39: FLIGHTS | C39: 1 | D39: 1 | E39: 1 | F39: 1 | G39: 1 | H39: 1 | I39: 2 | J39: 2 | K39: 2 | L39: 2 | M39: 2 | N39: 2 | O39: 2 | P39: 2 | Q39: 2 | R39: 2 | S39: 2 | T39: 2 | U39: 2 | V39: 2 | W39: 2 | X39: 2 | Y39: 2 | Z39: 2 | AA39: 2 | AB39: 2 | AC39: 2 | AD39: 2 | AE39: 2 | AF39: 2 | AG39: 2 | AH39: 2 | AI39: 2 | AJ39: 2 | AK39: 2 | AL39: 2 | AM39: 2 | AN39: 2 | AO39: 2 | AP39: 2 | AQ39: 2 | AR39: 2 | AS39: 2 | AT39: 2 | AU39: 2 | AV39: 2 | AW39: 2 | AX39: 2 | AY39: 2 | AZ39: 2 | BA39: 2 | BB39: 2 | BC39: 2 | BD39: 2 | BE39: 2 | BF39: 2 | BG39: 2 | BH39: 2 | BI39: 2 | BJ39: 2 | BK39: 2 | BL39: 2 | BM39: 2
A40: INDIVIDUAL GROSS | B40: 4 | U40: =SUM(U27*$B40) -> 80 | V40: =SUM(V27*$B40) -> 84 | W40: =SUM(W27*$B40) -> 88 | X40: =SUM(X27*$B40) -> 92 | Y40: =SUM(Y27*$B40) -> 96 | Z40: =SUM(Z27*$B40) -> 100 | AA40: =SUM(AA27*$B40) -> 104 | AB40: =SUM(AB27*$B40) -> 108 | ... BM40: =SUM(BM27*$B40) -> 256
A41: LOW GROSS | B41: 1st Place | U41: =SUM(U40/4) -> 20 | V41: =SUM(V40/4) -> 21 | W41: =SUM(W40/4) -> 22 | X41: =SUM(X40/4) -> 23 | Y41: =SUM(Y40/4) -> 24 | Z41: =SUM(Z40/4) -> 25 | AA41: =SUM(AA40/4) -> 26 | AB41: =SUM(AB40/4) -> 27 | ... BM41: =SUM(BM40/4) -> 64
B42: FLIGHTS | C42: No Game | D42: No Game | E42: No Game | F42: No Game | G42: No Game | H42: No Game | I42: No Game | J42: No Game | K42: No Game | L42: No Game | M42: No Game | N42: No Game | O42: No Game | P42: No Game | Q42: No Game | R42: No Game | S42: No Game | T42: No Game | U42: 4 | V42: 4 | W42: 4 | X42: 4 | Y42: 4 | Z42: 4 | AA42: 4 | AB42: 4 | AC42: 4 | AD42: 4 | AE42: 4 | AF42: 4 | AG42: 4 | AH42: 4 | AI42: 4 | AJ42: 4 | AK42: 4 | AL42: 4 | AM42: 4 | AN42: 4 | AO42: 4 | AP42: 4 | AQ42: 4 | AR42: 4 | AS42: 4 | AT42: 4 | AU42: 4 | AV42: 4 | AW42: 4 | AX42: 4 | AY42: 4 | AZ42: 4 | BA42: 4 | BB42: 4 | BC42: 4 | BD42: 4 | BE42: 4 | BF42: 4 | BG42: 4 | BH42: 4 | BI42: 4 | BJ42: 4 | BK42: 4 | BL42: 4 | BM42: 4
A44: Prizes / Field % | C44: =SUM(SUM(COUNT(C17:C23,C9:C11,C40:C42,C29)+3)/C14) -> 2 | D44: =SUM(SUM(COUNT(D17:D23,D10:D11,D41:D42,D29)+3)/D14) -> 1.3333333 | E44: =SUM(SUM(COUNT(E17:E23,E10:E11,E41:E42,E29)+3)/E14) -> 1.5 | F44: =SUM(SUM(COUNT(F17:F23,F10:F11,F41:F42,F29)+3)/F14) -> 1.2 | G44: =SUM(SUM(COUNT(G17:G23,G10:G11,G41:G42,G29)+3)/G14) -> 1 | H44: =SUM(SUM(COUNT(H17:H23,H10:H11,H41:H42,H29)+3)/H14) -> 0.85714286 | I44: =SUM(SUM(COUNT(I17:I23,I10:I11,I41:I42,I29)+3)/I14) -> 0.875 | J44: =SUM(SUM(COUNT(J17:J23,J10:J11,J41:J42,J29)+3)/J14) -> 0.77777778 | K44: =SUM(SUM(COUNT(K17:K23,K10:K11,K41:K42,K29)+3)/K14) -> 0.7 | ... P44: =SUM(SUM(COUNT(P17:P23,P10:P11,P41:P42,P29)+3)/P14) -> 0.46666667 | Q44: =SUM(SUM(COUNT(Q17:Q23,Q10:Q11,Q41:Q42,Q29)+5)/Q14) -> 0.8125 | R44: =SUM(SUM(COUNT(R17:R23,R10:R11,R41:R42,R29)+5)/R14) -> 0.76470588 | S44: =SUM(SUM(COUNT(S17:S23,S10:S11,S41:S42,S29)+5)/S14) -> 0.72222222 | T44: =SUM(SUM(COUNT(T17:T23,T10:T11,T41:T42,T29)+5)/T14) -> 0.68421053 | U44: =SUM(SUM(COUNT(U17:U23,U10:U11,U41:U42,U29)+5)/U14) -> 0.75 | V44: =SUM(SUM(COUNT(V17:V23,V10:V11,V41:V42,V29)+5)/V14) -> 0.71428571 | W44: =SUM(SUM(COUNT(W17:W23,W10:W11,W41:W42,W29)+5)/W14) -> 0.68181818 | X44: =SUM(SUM(COUNT(X17:X23,X10:X11,X41:X42,X29)+5)/X14) -> 0.65217391 | ... AJ44: =SUM(SUM(COUNT(AJ17:AJ23,AJ10:AJ11,AJ41:AJ42,AJ29)+5)/AJ14) -> 0.48571429 | AK44: =SUM(SUM(COUNT(AK17:AK23,AK10:AK11,AK41:AK42,AK29)+7)/AK14) -> 0.52777778 | AL44: =SUM(SUM(COUNT(AL17:AL23,AL10:AL11,AL41:AL42,AL29)+7)/AL14) -> 0.51351351 | AM44: =SUM(SUM(COUNT(AM17:AM23,AM10:AM11,AM41:AM42,AM29)+7)/AM14) -> 0.5 | AN44: =SUM(SUM(COUNT(AN17:AN23,AN10:AN11,AN41:AN42,AN29)+7)/AN14) -> 0.48717949 | AO44: =SUM(SUM(COUNT(AO17:AO23,AO10:AO11,AO41:AO42,AO29)+7)/AO14) -> 0.475 | AP44: =SUM(SUM(COUNT(AP17:AP23,AP10:AP11,AP41:AP42,AP29)+7)/AP14) -> 0.46341463 | AQ44: =SUM(SUM(COUNT(AQ17:AQ23,AQ10:AQ11,AQ41:AQ42,AQ29)+7)/AQ14) -> 0.45238095 | AR44: =SUM(SUM(COUNT(AR17:AR23,AR10:AR11,AR41:AR42,AR29)+7)/AR14) -> 0.44186047 | ... BM44: =SUM(SUM(COUNT(BM17:BM23,BM10:BM11,BM41:BM42,BM29)+7)/BM14) -> 0.296875
B46: Event Games Remaining | C46: =IF(C4="No Event",0,SUM(C3-SUM(C4+C9+C12),"")) -> 0 | D46: =IF(D4="No Event",0,SUM(D3-SUM(D4+D9+D12),"")) -> 0 | E46: =IF(E4="No Event",0,SUM(E3-SUM(E4+E9+E12))) -> 0 | F46: =IF(F4="No Event",0,SUM(F3-SUM(F4+F9+F12))) -> 0 | G46: =IF(G4="No Event",0,SUM(G3-SUM(G4+G9+G12))) -> 0 | H46: =IF(H4="No Event",0,SUM(H3-SUM(H4+H9+H12))) -> 0 | I46: =IF(I4="No Event",0,SUM(I3-SUM(I4+I9+I12))) -> 0 | J46: =IF(J4="No Event",0,SUM(J3-SUM(J4+J9+J12))) -> 0 | K46: =IF(K4="No Event",0,SUM(K3-SUM(K4+K9+K12))) -> 0 | L46: =IF(L4="No Event",0,SUM(L3-SUM(L4+L9+L12))) -> 0 | ... BM46: =IF(BM4="No Event",0,SUM(BM3-SUM(BM4+BM9+BM12))) -> 0
B47: Net Remaining | C47: =SUM(C15-SUM(C16+C24+C25)) -> 0 | D47: =SUM(D15-SUM(SUM(D7:D8)+SUM(D17:D24))) -> 33 | E47: =SUM(E15-SUM(SUM(E17:E22)+E24+E25)) -> 0 | F47: =SUM(F15-SUM(SUM(F17:F22)+F24+F25)) -> 0 | G47: =SUM(G15-SUM(SUM(G17:G22)+G24+G25)) -> 0 | H47: =SUM(H15-SUM(SUM(H17:H22)+H24+H25)) -> 0 | I47: =SUM(I15-SUM(SUM(I17:I22)+I24+I25)) -> 0 | J47: =SUM(J15-SUM(SUM(J17:J22)+J24+J25)) -> 0 | K47: =SUM(K15-SUM(SUM(K17:K22)+K24+K25)) -> 0 | L47: =SUM(L15-SUM(SUM(L17:L22)+L24+L25)) -> 0 | ... BM47: =SUM(BM15-SUM(SUM(BM17:BM22)+BM24+BM25)) -> 0
B48: Gross Remaining | C48: =SUM(C28-SUM(C9:C11)-SUM(C29:C29)) -> 4 | D48: =SUM(D28-SUM(D10:D11)-SUM(D29:D29)) -> 6 | E48: =SUM(E28-SUM(E10:E11)-SUM(E29:E29)) -> 8 | F48: =SUM(F28-SUM(F10:F11)-SUM(F29:F29)) -> 10 | G48: =SUM(G28-SUM(G10:G11)-SUM(G29:G29)) -> 12 | H48: =SUM(H28-SUM(H10:H11)-SUM(H29:H29)) -> 14 | I48: =SUM(I28-SUM(I40)-SUM(I29)-SUM(I9)) -> 16 | J48: =SUM(J28-SUM(J40)-SUM(J29)-SUM(J9)) -> 18 | K48: =SUM(K28-SUM(K40)-SUM(K29)-SUM(K9)) -> 20 | L48: =SUM(L28-SUM(L40)-SUM(L29)-SUM(L9)) -> 22 | M48: =SUM(M28-SUM(M40)-SUM(M29)-SUM(M9)) -> 24 | N48: =SUM(N28-SUM(N40)-SUM(N29)-SUM(N9)) -> 26 | O48: =SUM(O28-SUM(O40)-SUM(O29)-SUM(O9)) -> 28 | P48: =SUM(P28-SUM(P40)-SUM(P29)-SUM(P9)) -> 30 | ... BM48: =SUM(BM28-SUM(BM40)-SUM(BM29)-SUM(BM9)) -> 0
A50: TOTAL COMBINED | C50: =SUM(C15,C28) -> 56 | D50: =SUM(D15,D28) -> 84 | E50: =SUM(E15,E28) -> 112 | F50: =SUM(F15,F28) -> 140 | G50: =SUM(G15,G28) -> 168 | H50: =SUM(H15,H28) -> 196 | I50: =SUM(I15,I28) -> 224 | J50: =SUM(J15,J28) -> 252 | ... BM50: =SUM(BM15,BM28) -> 1792
A52: Max Potential NET | C52: =SUM(C24,C16) -> 22 | D52: =SUM(D24,D16) -> 33 | E52: =SUM(E4/2)+E17+E24 -> 56 | F52: =SUM(F4/2)+F17+F24 -> 70 | G52: =SUM(G4/2)+G17+G24 -> 84 | H52: =SUM(H4/2)+H17+H24 -> 98 | I52: =SUM(I4/2)+I17+I24 -> 88 | J52: =SUM(J4/2)+J17+J24 -> 99 | K52: =SUM(K4/2)+K17+K24 -> 110 | L52: =SUM(L4/2)+L17+L24 -> 121 | ... P52: =SUM(P4/2)+P17+P24 -> 142.5 | Q52: =SUM(Q4/4)+Q17+Q24 -> 96 | R52: =SUM(R4/4)+R17+R24 -> 102 | S52: =SUM(S4/4)+S17+S24 -> 108 | T52: =SUM(T4/4)+T17+T24 -> 114 | U52: =SUM(U4/4)+U17+U24 -> 120 | V52: =SUM(V4/4)+V17+V24 -> 126 | W52: =SUM(W4/4)+W17+W24 -> 132 | X52: =SUM(X4/4)+X17+X24 -> 138 | ... BM52: =SUM(BM4/4)+BM17+BM24 -> 336
A53: Max Potential GROSS | C53: =C30 -> 26 | D53: =D30 -> 39 | E53: =E30 -> 52 | F53: =F30 -> 65 | G53: =G30 -> 78 | H53: =H30 -> 91 | I53: =SUM(I10,I11,I41,I30) -> 52 | J53: =SUM(J10,J11,J41,J30) -> 58.5 | K53: =SUM(K10,K11,K41,K30) -> 65 | L53: =SUM(L10,L11,L41,L30) -> 71.5 | M53: =SUM(M10,M11,M41,M30) -> 78 | N53: =SUM(N10,N11,N41,N30) -> 84.5 | O53: =SUM(O10,O11,O41,O30) -> 91 | P53: =SUM(P10,P11,P41,P30) -> 97.5 | ... BM53: =SUM(BM10,BM11,BM41,BM30) -> 480
A54: Max Potential TOTAL | C54: =SUM(C30,C24,C16) -> 48 | D54: =SUM(D30,D24,D16) -> 72 | E54: =SUM(E30,E24,E17)+SUM(E4/2) -> 108 | F54: =SUM(F30,F24,F17)+SUM(F4/2) -> 135 | G54: =SUM(G30,G24,G17)+SUM(G4/2) -> 162 | H54: =SUM(H30,H24,H17)+SUM(H4/2) -> 189 | I54: =SUM(I24,I30,I41,I10,I11,I17)+SUM(I4/2) -> 140 | J54: =SUM(J24,J30,J41,J10,J11,J17)+SUM(J4/2) -> 157.5 | K54: =SUM(K24,K30,K41,K10,K11,K17)+SUM(K4/2) -> 175 | L54: =SUM(L24,L30,L41,L10,L11,L17)+SUM(L4/2) -> 192.5 | M54: =SUM(M24,M30,M41,M10,M11,M17)+SUM(M4/2) -> 192 | N54: =SUM(N24,N30,N41,N10,N11,N17)+SUM(N4/2) -> 208 | O54: =SUM(O24,O30,O41,O10,O11,O17)+SUM(O4/2) -> 224 | P54: =SUM(P24,P30,P41,P10,P11,P17)+SUM(P4/2) -> 240 | Q54: =SUM(Q24,Q30,Q41,Q10,Q11,Q17)+SUM(Q4/4) -> 232 | R54: =SUM(R24,R30,R41,R10,R11,R17)+SUM(R4/4) -> 246.5 | S54: =SUM(S24,S30,S41,S10,S11,S17)+SUM(S4/4) -> 261 | T54: =SUM(T24,T30,T41,T10,T11,T17)+SUM(T4/4) -> 275.5 | U54: =SUM(U24,U30,U41,U10,U11,U17)+SUM(U4/4) -> 270 | V54: =SUM(V24,V30,V41,V10,V11,V17)+SUM(V4/4) -> 283.5 | W54: =SUM(W24,W30,W41,W10,W11,W17)+SUM(W4/4) -> 297 | X54: =SUM(X24,X30,X41,X10,X11,X17)+SUM(X4/4) -> 310.5 | ... BM54: =SUM(BM24,BM30,BM41,BM10,BM11,BM17)+SUM(BM4/4) -> 816

Sheet Side Games 18
A1: 18 HOLE EVENTS
A2: EVENT Games | B2: 14 | C2: 2 | D2: 3 | E2: 4 | F2: 5 | G2: 6 | H2: 7 | I2: 8 | J2: 9 | K2: 10 | L2: 11 | M2: 12 | N2: 13 | O2: 14 | P2: 15 | Q2: 16 | R2: 17 | S2: 18 | T2: 19 | U2: 20 | V2: 21 | W2: 22 | X2: 23 | Y2: 24 | Z2: 25 | AA2: 26 | AB2: 27 | AC2: 28 | AD2: 29 | AE2: 30 | AF2: 31 | AG2: 32 | AH2: 33 | AI2: 34 | AJ2: 35 | AK2: 36 | AL2: 37 | AM2: 38 | AN2: 39 | AO2: 40 | AP2: 41 | AQ2: 42 | AR2: 43 | AS2: 44 | AT2: 45 | AU2: 46 | AV2: 47 | AW2: 48 | AX2: 49 | AY2: 50 | AZ2: 51 | BA2: 52 | BB2: 53 | BC2: 54 | BD2: 55 | BE2: 56 | BF2: 57 | BG2: 58 | BH2: 59 | BI2: 60 | BJ2: 61 | BK2: 62 | BL2: 63 | BM2: 64
A3: TOTAL POT | C3: =SUM(C2*$B2) -> 28 | D3: =SUM(D2*$B2) -> 42 | E3: =SUM(E2*$B2) -> 56 | F3: =SUM(F2*$B2) -> 70 | G3: =SUM(G2*$B2) -> 84 | H3: =SUM(H2*$B2) -> 98 | I3: =SUM(I2*$B2) -> 112 | J3: =SUM(J2*$B2) -> 126 | ... BM3: =SUM(BM2*$B2) -> 896
A4: TEAM GAMES | B4: 8 | C4: No Event | D4: No Event | E4: =SUM(E2*$B4)+SUM(E2*$B9) -> 48 | F4: =SUM(F2*$B4)+SUM(F2*$B9) -> 60 | G4: =SUM(G2*$B4)+SUM(G2*$B9) -> 72 | H4: =SUM(H2*$B4)+SUM(H2*$B9) -> 84 | I4: =SUM(I2*$B4)+SUM(I2*$B9) -> 96 | J4: =SUM(J2*$B4)+SUM(J2*$B9) -> 108 | K4: =SUM(K2*$B4)+SUM(K2*$B9) -> 120 | L4: =SUM(L2*$B4)+SUM(L2*$B9) -> 132 | ... P4: =SUM(P2*$B4)+SUM(P2*$B9) -> 180 | Q4: =SUM(Q2*$B4) -> 128 | R4: =SUM(R2*$B4) -> 136 | S4: =SUM(S2*$B4) -> 144 | T4: =SUM(T2*$B4) -> 152 | U4: =SUM(U2*$B4) -> 160 | V4: =SUM(V2*$B4) -> 168 | W4: =SUM(W2*$B4) -> 176 | X4: =SUM(X2*$B4) -> 184 | ... BM4: =SUM(BM2*$B4) -> 512
B5: 1st Place | C5: No Event | D5: No Event | E5: =E4 -> 48 | F5: =F4 -> 60 | G5: =G4 -> 72 | H5: =H4 -> 84 | I5: =I4 -> 96 | J5: =J4 -> 108 | K5: =K4 -> 120 | L5: =L4 -> 132 | M5: =SUM(M4*0.6666666666) -> 96 | N5: =SUM(N4*0.6666666666) -> 104 | O5: =SUM(O4*0.6666666666) -> 112 | P5: =SUM(P4*0.6666666666) -> 120 | Q5: =Q4 -> 128 | R5: =R4 -> 136 | S5: =S4 -> 144 | T5: =T4 -> 152 | U5: =U4 -> 160 | V5: =V4 -> 168 | W5: =W4 -> 176 | X5: =X4 -> 184 | ... AJ5: =AJ4 -> 280 | AK5: =SUM(AK4*0.6666666666) -> 192 | AL5: =SUM(AL4*0.6666666666) -> 197.33333 | AM5: =SUM(AM4*0.6666666666) -> 202.66667 | AN5: =SUM(AN4*0.6666666666) -> 208 | AO5: =SUM(AO4*0.6666666666) -> 213.33333 | AP5: =SUM(AP4*0.6666666666) -> 218.66667 | AQ5: =SUM(AQ4*0.6666666666) -> 224 | AR5: =SUM(AR4*0.6666666666) -> 229.33333 | ... BM5: =SUM(BM4*0.6666666666) -> 341.33333
B6: 2nd Place | C6: No Event | D6: No Event | M6: =SUM(M4*0.33333333333) -> 48 | N6: =SUM(N4*0.33333333333) -> 52 | O6: =SUM(O4*0.33333333333) -> 56 | P6: =SUM(P4*0.33333333333) -> 60 | AK6: =SUM(AK4*0.33333333333) -> 96 | AL6: =SUM(AL4*0.33333333333) -> 98.666667 | AM6: =SUM(AM4*0.33333333333) -> 101.33333 | AN6: =SUM(AN4*0.33333333333) -> 104 | AO6: =SUM(AO4*0.33333333333) -> 106.66667 | AP6: =SUM(AP4*0.33333333333) -> 109.33333 | AQ6: =SUM(AQ4*0.33333333333) -> 112 | AR6: =SUM(AR4*0.33333333333) -> 114.66667 | ... BM6: =SUM(BM4*0.33333333333) -> 170.66667
B7: MWP | C7: No Event | D7: No Event | E7: =IF(E8="CART Net",SUM(E5/2),IF(E8="TEAM Net",SUM(E5/4),"")) -> 24 | F7: =IF(F8="CART Net",SUM(F5/2),IF(F8="TEAM Net",SUM(F5/4),"")) -> 30 | G7: =IF(G8="CART Net",SUM(G5/2),IF(G8="TEAM Net",SUM(G5/4),"")) -> 36 | H7: =IF(H8="CART Net",SUM(H5/2),IF(H8="TEAM Net",SUM(H5/4),"")) -> 42 | I7: =IF(I8="CART Net",SUM(I5/2),IF(I8="TEAM Net",SUM(I5/4),"")) -> 48 | J7: =IF(J8="CART Net",SUM(J5/2),IF(J8="TEAM Net",SUM(J5/4),"")) -> 54 | K7: =IF(K8="CART Net",SUM(K5/2),IF(K8="TEAM Net",SUM(K5/4),"")) -> 60 | L7: =IF(L8="CART Net",SUM(L5/2),IF(L8="TEAM Net",SUM(L5/4),"")) -> 66 | ... BM7: =IF(BM8="CART Net",SUM(BM5/2),IF(BM8="TEAM Net",SUM(BM5/4),"")) -> 85.333333
C8: No Event | D8: No Event | E8: CART Net | F8: CART Net | G8: CART Net | H8: CART Net | I8: CART Net | J8: CART Net | K8: CART Net | L8: CART Net | M8: CART Net | N8: CART Net | O8: CART Net | P8: CART Net | Q8: TEAM Net | R8: TEAM Net | S8: TEAM Net | T8: TEAM Net | U8: TEAM Net | V8: TEAM Net | W8: TEAM Net | X8: TEAM Net | Y8: TEAM Net | Z8: TEAM Net | AA8: TEAM Net | AB8: TEAM Net | AC8: TEAM Net | AD8: TEAM Net | AE8: TEAM Net | AF8: TEAM Net | AG8: TEAM Net | AH8: TEAM Net | AI8: TEAM Net | AJ8: TEAM Net | AK8: TEAM Net | AL8: TEAM Net | AM8: TEAM Net | AN8: TEAM Net | AO8: TEAM Net | AP8: TEAM Net | AQ8: TEAM Net | AR8: TEAM Net | AS8: TEAM Net | AT8: TEAM Net | AU8: TEAM Net | AV8: TEAM Net | AW8: TEAM Net | AX8: TEAM Net | AY8: TEAM Net | AZ8: TEAM Net | BA8: TEAM Net | BB8: TEAM Net | BC8: TEAM Net | BD8: TEAM Net | BE8: TEAM Net | BF8: TEAM Net | BG8: TEAM Net | BH8: TEAM Net | BI8: TEAM Net | BJ8: TEAM Net | BK8: TEAM Net | BL8: TEAM Net | BM8: TEAM Net
A9: CLOSEST TO PINS | B9: 4 | C9: No Event | D9: No Event | Q9: =SUM(Q2*$B9) -> 64 | R9: =SUM(R2*$B9) -> 68 | S9: =SUM(S2*$B9) -> 72 | T9: =SUM(T2*$B9) -> 76 | U9: =SUM(U2*$B9) -> 80 | V9: =SUM(V2*$B9) -> 84 | W9: =SUM(W2*$B9) -> 88 | X9: =SUM(X2*$B9) -> 92 | ... BM9: =SUM(BM2*$B9) -> 256
A10: CLOSEST TO PIN #1 | C10: No Event | D10: No Event | E10: No Game | F10: No Game | G10: No Game | H10: No Game | I10: No Game | J10: No Game | K10: No Game | L10: No Game | M10: No Game | N10: No Game | O10: No Game | P10: No Game | Q10: =Q9/2 -> 32 | R10: =R9/2 -> 34 | S10: =S9/2 -> 36 | T10: =T9/2 -> 38 | U10: =U9/2 -> 40 | V10: =V9/2 -> 42 | W10: =W9/2 -> 44 | X10: =X9/2 -> 46 | Y10: =Y9/3 -> 32 | Z10: =Z9/3 -> 33.333333 | AA10: =AA9/3 -> 34.666667 | AB10: =AB9/3 -> 36 | AC10: =AC9/3 -> 37.333333 | AD10: =AD9/3 -> 38.666667 | AE10: =AE9/3 -> 40 | AF10: =AF9/3 -> 41.333333 | AG10: =AG9/4 -> 32 | AH10: =AH9/4 -> 33 | AI10: =AI9/4 -> 34 | AJ10: =AJ9/4 -> 35 | AK10: =AK9/4 -> 36 | AL10: =AL9/4 -> 37 | AM10: =AM9/4 -> 38 | AN10: =AN9/4 -> 39 | ... BM10: =BM9/4 -> 64
A11: CLOSEST TO PIN #2 | C11: No Event | D11: No Event | E11: No Game | F11: No Game | G11: No Game | H11: No Game | I11: No Game | J11: No Game | K11: No Game | L11: No Game | M11: No Game | N11: No Game | O11: No Game | P11: No Game | Q11: =Q10 -> 32 | R11: =R10 -> 34 | S11: =S10 -> 36 | T11: =T10 -> 38 | U11: =U10 -> 40 | V11: =V10 -> 42 | W11: =W10 -> 44 | X11: =X10 -> 46 | ... BM11: =BM10 -> 64
A12: CLOSEST TO PIN #3 | C12: No Event | D12: No Event | E12: No Game | F12: No Game | G12: No Game | H12: No Game | I12: No Game | J12: No Game | K12: No Game | L12: No Game | M12: No Game | N12: No Game | O12: No Game | P12: No Game | Q12: No Game | R12: No Game | S12: No Game | T12: No Game | U12: No Game | V12: No Game | W12: No Game | X12: No Game | Y12: =Y11 -> 32 | Z12: =Z11 -> 33.333333 | AA12: =AA11 -> 34.666667 | AB12: =AB11 -> 36 | AC12: =AC11 -> 37.333333 | AD12: =AD11 -> 38.666667 | AE12: =AE11 -> 40 | AF12: =AF11 -> 41.333333 | ... BM12: =BM11 -> 64
A13: CLOSEST TO PIN #4 | C13: No Event | D13: No Event | E13: No Game | F13: No Game | G13: No Game | H13: No Game | I13: No Game | J13: No Game | K13: No Game | L13: No Game | M13: No Game | N13: No Game | O13: No Game | P13: No Game | Q13: No Game | R13: No Game | S13: No Game | T13: No Game | U13: No Game | V13: No Game | W13: No Game | X13: No Game | Y13: No Game | Z13: No Game | AA13: No Game | AB13: No Game | AC13: No Game | AD13: No Game | AE13: No Game | AF13: No Game | AG13: =AG12 -> 32 | AH13: =AH12 -> 33 | AI13: =AI12 -> 34 | AJ13: =AJ12 -> 35 | AK13: =AK12 -> 36 | AL13: =AL12 -> 37 | AM13: =AM12 -> 38 | AN13: =AN12 -> 39 | ... BM13: =BM12 -> 64
A14: HOLE-IN-ONE POT | B14: 2 | C14: No Event | D14: No Event | E14: =SUM(E2*$B14) -> 8 | F14: =SUM(F2*$B14) -> 10 | G14: =SUM(G2*$B14) -> 12 | H14: =SUM(H2*$B14) -> 14 | I14: =SUM(I2*$B14) -> 16 | J14: =SUM(J2*$B14) -> 18 | K14: =SUM(K2*$B14) -> 20 | L14: =SUM(L2*$B14) -> 22 | ... BM14: =SUM(BM2*$B14) -> 128
A16: NET Games | B16: 26 | C16: 2 | D16: 3 | E16: 4 | F16: 5 | G16: 6 | H16: 7 | I16: 8 | J16: 9 | K16: 10 | L16: 11 | M16: 12 | N16: 13 | O16: 14 | P16: 15 | Q16: 16 | R16: 17 | S16: 18 | T16: 19 | U16: 20 | V16: 21 | W16: 22 | X16: 23 | Y16: 24 | Z16: 25 | AA16: 26 | AB16: 27 | AC16: 28 | AD16: 29 | AE16: 30 | AF16: 31 | AG16: 32 | AH16: 33 | AI16: 34 | AJ16: 35 | AK16: 36 | AL16: 37 | AM16: 38 | AN16: 39 | AO16: 40 | AP16: 41 | AQ16: 42 | AR16: 43 | AS16: 44 | AT16: 45 | AU16: 46 | AV16: 47 | AW16: 48 | AX16: 49 | AY16: 50 | AZ16: 51 | BA16: 52 | BB16: 53 | BC16: 54 | BD16: 55 | BE16: 56 | BF16: 57 | BG16: 58 | BH16: 59 | BI16: 60 | BJ16: 61 | BK16: 62 | BL16: 63 | BM16: 64
A17: TOTAL POT | C17: =SUM(C16*$B16) -> 52 | D17: =SUM(D16*$B16) -> 78 | E17: =SUM(E16*$B16) -> 104 | F17: =SUM(F16*$B16) -> 130 | G17: =SUM(G16*$B16) -> 156 | H17: =SUM(H16*$B16) -> 182 | I17: =SUM(I16*$B16) -> 208 | J17: =SUM(J16*$B16) -> 234 | ... BM17: =SUM(BM16*$B16) -> 1664
A18: INDIVIDUAL NET | B18: 18 | C18: No Event | D18: No Event | E18: =SUM($B18*E16) -> 72 | F18: =SUM($B18*F16) -> 90 | G18: =SUM($B18*G16) -> 108 | H18: =SUM($B18*H16) -> 126 | I18: =SUM($B18*I16) -> 144 | J18: =SUM($B18*J16) -> 162 | K18: =SUM($B18*K16) -> 180 | L18: =SUM($B18*L16) -> 198 | M18: =SUM($B18*M16) -> 216 | N18: =SUM($B18*N16)+SUM(SUM(N16*$B37)-N37) -> 238 | O18: =SUM($B18*O16)+SUM(SUM(O16*$B37)-O37) -> 264 | P18: =SUM($B18*P16)+SUM(SUM(P16*$B37)-P37) -> 290 | Q18: =SUM($B18*Q16)+SUM(SUM(Q16*$B37)-Q37) -> 316 | R18: =SUM($B18*R16)+SUM(SUM(R16*$B37)-R37) -> 342 | S18: =SUM($B18*S16)+SUM(SUM(S16*$B37)-S37) -> 368 | T18: =SUM($B18*T16)+SUM(SUM(T16*$B37)-T37) -> 394 | U18: =SUM($B18*U16)+SUM(SUM(U16*$B37)-U37) -> 420 | ... BM18: =SUM($B18*BM16)+SUM(SUM(BM16*$B37)-BM37) -> 1564
A19: % Paid | B19: 0.25 | C19: No Event | D19: No Event | E19: =ROUND(SUM(E16*$B19),0) -> 1 | F19: =ROUND(SUM(F16*$B19),0) -> 1 | G19: =ROUND(SUM(G16*$B19),0) -> 2 | H19: =ROUND(SUM(H16*$B19),0) -> 2 | I19: =ROUND(SUM(I16*$B19),0) -> 2 | J19: =ROUND(SUM(J16*$B19),0) -> 2 | K19: =ROUND(SUM(K16*$B19),0) -> 3 | L19: =ROUND(SUM(L16*$B19),0) -> 3 | ... BM19: =ROUND(SUM(BM16*$B19),0) -> 16
A20: LOW FLIGHT | B20: 1st Place | C20: No Event | D20: No Event | E20: =SUM(E18*1) -> 72 | F20: =SUM(F18*1) -> 90 | G20: =ROUND(SUM(G18*0.6666666),2) -> 72 | H20: =ROUND(SUM(H18*0.6666666),2) -> 84 | I20: =ROUND(SUM(I18*0.6666666),2) -> 96 | J20: =ROUND(SUM(J18*0.6666666),2) -> 108 | K20: =SUM(K18*0.5) -> 90 | L20: =SUM(L18*0.5) -> 99 | M20: =SUM(M18*0.5) -> 108 | N20: =SUM(N18*0.5) -> 119 | O20: =ROUND((SUM(O18/O36)*0.6666666666666),2) -> 88 | P20: =ROUND((SUM(P18/P36)*0.6666666666666),2) -> 96.67 | Q20: =ROUND((SUM(Q18/Q36)*0.6666666666666),2) -> 105.33 | R20: =ROUND((SUM(R18/R36)*0.6666666666666),2) -> 114 | S20: =ROUND(SUM((S18/S36)*0.5),2) -> 92 | T20: =ROUND(SUM((T18/T36)*0.5),2) -> 98.5 | U20: =ROUND(SUM((U18/U36)*0.5),2) -> 105 | V20: =ROUND(SUM((V18/V36)*0.5),2) -> 111.5 | W20: =ROUND(SUM((W18/W36)*0.5),2) -> 118 | X20: =ROUND(SUM((X18/X36)*0.5),2) -> 124.5 | Y20: =ROUND(SUM((Y18/Y36)*0.5),2) -> 131 | Z20: =ROUND(SUM((Z18/Z36)*0.5),2) -> 137.5 | AA20: =ROUND(SUM((AA18/AA36)*0.5),2) -> 144 | AB20: =ROUND(SUM((AB18/AB36)*0.4),2) -> 120.4 | AC20: =ROUND(SUM((AC18/AC36)*0.4),2) -> 125.6 | AD20: =ROUND(SUM((AD18/AD36)*0.4),2) -> 130.8 | AE20: =ROUND(SUM((AE18/AE36)*0.4),2) -> 136 | AF20: =ROUND(SUM((AF18/AF36)*0.4),2) -> 141.2 | AG20: =ROUND(SUM((AG18/AG36)*0.4),2) -> 146.4 | AH20: =ROUND(SUM((AH18/AH36)*0.4),2) -> 151.6 | AI20: =ROUND(SUM((AI18/AI36)*0.5),2) -> 130.67 | AJ20: =ROUND(SUM((AJ18/AJ36)*0.5),2) -> 135 | AK20: =ROUND(SUM((AK18/AK36)*0.5),2) -> 139.33 | AL20: =ROUND(SUM((AL18/AL36)*0.5),2) -> 143.67 | AM20: =ROUND(SUM((AM18/AM36)*0.5),2) -> 148 | AN20: =ROUND(SUM((AN18/AN36)*0.4),2) -> 121.87 | AO20: =ROUND(SUM((AO18/AO36)*0.4),2) -> 125.33 | AP20: =ROUND(SUM((AP18/AP36)*0.4),2) -> 128.8 | AQ20: =ROUND(SUM((AQ18/AQ36)*0.4),2) -> 132.27 | AR20: =ROUND(SUM((AR18/AR36)*0.4),2) -> 135.73 | AS20: =ROUND(SUM((AS18/AS36)*0.4),2) -> 139.2 | AT20: =ROUND(SUM((AT18/AT36)*0.4),2) -> 142.67 | AU20: =ROUND(SUM((AU18/AU36)*0.4),2) -> 146.13 | ... BM20: =ROUND(SUM((BM18/BM36)*0.4),2) -> 156.4
B21: 2nd Place | C21: No Event | D21: No Event | G21: =ROUND(SUM(G18*0.333333),2) -> 36 | H21: =ROUND(SUM(H18*0.333333),2) -> 42 | I21: =ROUND(SUM(I18*0.333333),2) -> 48 | J21: =ROUND(SUM(J18*0.333333),2) -> 54 | K21: =SUM(K18*0.3) -> 54 | L21: =SUM(L18*0.3) -> 59.4 | M21: =SUM(M18*0.3) -> 64.8 | N21: =SUM(N18*0.3) -> 71.4 | O21: =ROUND((SUM(O18/O36)*0.333333333333333),2) -> 44 | P21: =ROUND((SUM(P18/P36)*0.333333333333333),2) -> 48.33 | Q21: =ROUND((SUM(Q18/Q36)*0.333333333333333),2) -> 52.67 | R21: =ROUND((SUM(R18/R36)*0.333333333333333),2) -> 57 | S21: =ROUND(SUM((S$18/S36)*0.3),2) -> 55.2 | T21: =ROUND(SUM((T$18/T36)*0.3),2) -> 59.1 | U21: =ROUND(SUM((U$18/U36)*0.3),2) -> 63 | V21: =ROUND(SUM((V$18/V36)*0.3),2) -> 66.9 | W21: =ROUND(SUM((W$18/W36)*0.3),2) -> 70.8 | X21: =ROUND(SUM((X$18/X36)*0.3),2) -> 74.7 | Y21: =ROUND(SUM((Y$18/Y36)*0.3),2) -> 78.6 | Z21: =ROUND(SUM((Z$18/Z36)*0.3),2) -> 82.5 | ... BM21: =ROUND(SUM((BM$18/BM36)*0.3),2) -> 117.3
B22: 3rd Place | C22: No Event | D22: No Event | K22: =SUM(K18*0.2) -> 36 | L22: =SUM(L18*0.2) -> 39.6 | M22: =SUM(M18*0.2) -> 43.2 | N22: =SUM(N18*0.2) -> 47.6 | S22: =ROUND(SUM((S$18/S36)*0.2),2) -> 36.8 | T22: =ROUND(SUM((T$18/T36)*0.2),2) -> 39.4 | U22: =ROUND(SUM((U$18/U36)*0.2),2) -> 42 | V22: =ROUND(SUM((V$18/V36)*0.2),2) -> 44.6 | W22: =ROUND(SUM((W$18/W36)*0.2),2) -> 47.2 | X22: =ROUND(SUM((X$18/X36)*0.2),2) -> 49.8 | Y22: =ROUND(SUM((Y$18/Y36)*0.2),2) -> 52.4 | Z22: =ROUND(SUM((Z$18/Z36)*0.2),2) -> 55 | ... BM22: =ROUND(SUM((BM$18/BM36)*0.2),2) -> 78.2
B23: 4th Place | C23: No Event | D23: No Event | AB23: =ROUND(SUM((AB$18/AB36)*0.1),2) -> 30.1 | AC23: =ROUND(SUM((AC$18/AC36)*0.1),2) -> 31.4 | AD23: =ROUND(SUM((AD$18/AD36)*0.1),2) -> 32.7 | AE23: =ROUND(SUM((AE$18/AE36)*0.1),2) -> 34 | AF23: =ROUND(SUM((AF$18/AF36)*0.1),2) -> 35.3 | AG23: =ROUND(SUM((AG$18/AG36)*0.1),2) -> 36.6 | AH23: =ROUND(SUM((AH$18/AH36)*0.1),2) -> 37.9 | AN23: =ROUND(SUM((AN$18/AN36)*0.1),2) -> 30.47 | AO23: =ROUND(SUM((AO$18/AO36)*0.1),2) -> 31.33 | AP23: =ROUND(SUM((AP$18/AP36)*0.1),2) -> 32.2 | AQ23: =ROUND(SUM((AQ$18/AQ36)*0.1),2) -> 33.07 | AR23: =ROUND(SUM((AR$18/AR36)*0.1),2) -> 33.93 | AS23: =ROUND(SUM((AS$18/AS36)*0.1),2) -> 34.8 | AT23: =ROUND(SUM((AT$18/AT36)*0.1),2) -> 35.67 | AU23: =ROUND(SUM((AU$18/AU36)*0.1),2) -> 36.53 | ... BM23: =ROUND(SUM((BM$18/BM36)*0.1),2) -> 39.1
A24: HIGH FLIGHT | B24: 1st Place | C24: No Event | D24: No Event | O24: =O20 -> 88 | P24: =P20 -> 96.67 | Q24: =Q20 -> 105.33 | R24: =R20 -> 114 | S24: =S20 -> 92 | T24: =T20 -> 98.5 | U24: =U20 -> 105 | V24: =V20 -> 111.5 | ... BM24: =BM20 -> 156.4
B25: 2nd Place | C25: No Event | D25: No Event | O25: =O21 -> 44 | P25: =P21 -> 48.33 | Q25: =Q21 -> 52.67 | R25: =R21 -> 57 | S25: =S21 -> 55.2 | T25: =T21 -> 59.1 | U25: =U21 -> 63 | V25: =V21 -> 66.9 | ... BM25: =BM21 -> 117.3
B26: 3rd Place | C26: No Event | D26: No Event | S26: =S22 -> 36.8 | T26: =T22 -> 39.4 | U26: =U22 -> 42 | V26: =V22 -> 44.6 | W26: =W22 -> 47.2 | X26: =X22 -> 49.8 | Y26: =Y22 -> 52.4 | Z26: =Z22 -> 55 | ... BM26: =BM22 -> 78.2
B27: 4th Place | C27: No Event | D27: No Event | AB27: =AB23 -> 30.1 | AC27: =AC23 -> 31.4 | AD27: =AD23 -> 32.7 | AE27: =AE23 -> 34 | AF27: =AF23 -> 35.3 | AG27: =AG23 -> 36.6 | AH27: =AH23 -> 37.9 | AN27: =AN23 -> 30.47 | AO27: =AO23 -> 31.33 | AP27: =AP23 -> 32.2 | AQ27: =AQ23 -> 33.07 | AR27: =AR23 -> 33.93 | AS27: =AS23 -> 34.8 | AT27: =AT23 -> 35.67 | AU27: =AU23 -> 36.53 | ... BM27: =BM23 -> 39.1
A28: MID FLIGHT | B28: 1st Place | C28: No Event | D28: No Event | AI28: =AI20 -> 130.67 | AJ28: =AJ20 -> 135 | AK28: =AK20 -> 139.33 | AL28: =AL20 -> 143.67 | AM28: =AM20 -> 148 | AN28: =AN20 -> 121.87 | AO28: =AO20 -> 125.33 | AP28: =AP20 -> 128.8 | ... BM28: =BM20 -> 156.4
B29: 2nd Place | C29: No Event | D29: No Event | AI29: =AI21 -> 78.4 | AJ29: =AJ21 -> 81 | AK29: =AK21 -> 83.6 | AL29: =AL21 -> 86.2 | AM29: =AM21 -> 88.8 | AN29: =AN21 -> 91.4 | AO29: =AO21 -> 94 | AP29: =AP21 -> 96.6 | ... BM29: =BM21 -> 117.3
B30: 3rd Place | C30: No Event | D30: No Event | AI30: =AI22 -> 52.27 | AJ30: =AJ22 -> 54 | AK30: =AK22 -> 55.73 | AL30: =AL22 -> 57.47 | AM30: =AM22 -> 59.2 | AN30: =AN22 -> 60.93 | AO30: =AO22 -> 62.67 | AP30: =AP22 -> 64.4 | ... BM30: =BM22 -> 78.2
B31: 4th Place | C31: No Event | D31: No Event | AN31: =AN27 -> 30.47 | AO31: =AO27 -> 31.33 | AP31: =AP27 -> 32.2 | AQ31: =AQ27 -> 33.07 | AR31: =AR27 -> 33.93 | AS31: =AS27 -> 34.8 | AT31: =AT27 -> 35.67 | AU31: =AU27 -> 36.53 | ... BM31: =BM27 -> 39.1
A32: 4TH FLIGHT | B32: 1st Place | C32: No Event | D32: No Event | AY32: =AY20 -> 120 | AZ32: =AZ20 -> 122.6 | BA32: =BA20 -> 125.2 | BB32: =BB20 -> 127.8 | BC32: =BC20 -> 130.4 | BD32: =BD20 -> 133 | BE32: =BE20 -> 135.6 | BF32: =BF20 -> 138.2 | ... BM32: =BM20 -> 156.4
B33: 2nd Place | C33: No Event | D33: No Event | AY33: =AY21 -> 90 | AZ33: =AZ21 -> 91.95 | BA33: =BA21 -> 93.9 | BB33: =BB21 -> 95.85 | BC33: =BC21 -> 97.8 | BD33: =BD21 -> 99.75 | BE33: =BE21 -> 101.7 | BF33: =BF21 -> 103.65 | ... BM33: =BM21 -> 117.3
B34: 3rd Place | C34: No Event | D34: No Event | AY34: =AY22 -> 60 | AZ34: =AZ22 -> 61.3 | BA34: =BA22 -> 62.6 | BB34: =BB22 -> 63.9 | BC34: =BC22 -> 65.2 | BD34: =BD22 -> 66.5 | BE34: =BE22 -> 67.8 | BF34: =BF22 -> 69.1 | ... BM34: =BM22 -> 78.2
B35: 4th Place | C35: No Event | D35: No Event | AY35: =AY23 -> 30 | AZ35: =AZ23 -> 30.65 | BA35: =BA23 -> 31.3 | BB35: =BB23 -> 31.95 | BC35: =BC23 -> 32.6 | BD35: =BD23 -> 33.25 | BE35: =BE23 -> 33.9 | BF35: =BF23 -> 34.55 | ... BM35: =BM23 -> 39.1
A36: FLIGHTS | C36: No Event | D36: No Event | E36: 1 | F36: 1 | G36: 1 | H36: 1 | I36: 1 | J36: 1 | K36: 1 | L36: 1 | M36: 1 | N36: 1 | O36: 2 | P36: 2 | Q36: 2 | R36: 2 | S36: 2 | T36: 2 | U36: 2 | V36: 2 | W36: 2 | X36: 2 | Y36: 2 | Z36: 2 | AA36: 2 | AB36: 2 | AC36: 2 | AD36: 2 | AE36: 2 | AF36: 2 | AG36: 2 | AH36: 2 | AI36: 3 | AJ36: 3 | AK36: 3 | AL36: 3 | AM36: 3 | AN36: 3 | AO36: 3 | AP36: 3 | AQ36: 3 | AR36: 3 | AS36: 3 | AT36: 3 | AU36: 3 | AV36: 3 | AW36: 3 | AX36: 3 | AY36: 4 | AZ36: 4 | BA36: 4 | BB36: 4 | BC36: 4 | BD36: 4 | BE36: 4 | BF36: 4 | BG36: 4 | BH36: 4 | BI36: 4 | BJ36: 4 | BK36: 4 | BL36: 4 | BM36: 4
A37: MVP | B37: 8 | C37: =SUM(C16*$B37) -> 16 | D37: =SUM(D16*$B37) -> 24 | E37: =SUM(E16*$B37) -> 32 | F37: =SUM(F16*$B37) -> 40 | G37: =SUM(G16*$B37) -> 48 | H37: =SUM(H16*$B37) -> 56 | I37: =SUM(I16*$B37) -> 64 | J37: =SUM(J16*$B37) -> 72 | ... M37: =SUM(M16*$B37) -> 96 | N37: 100 | O37: 100 | P37: 100 | Q37: 100 | R37: 100 | S37: 100 | T37: 100 | U37: 100 | V37: 100 | W37: 100 | X37: 100 | Y37: 100 | Z37: 100 | AA37: 100 | AB37: 100 | AC37: 100 | AD37: 100 | AE37: 100 | AF37: 100 | AG37: 100 | AH37: 100 | AI37: 100 | AJ37: 100 | AK37: 100 | AL37: 100 | AM37: 100 | AN37: 100 | AO37: 100 | AP37: 100 | AQ37: 100 | AR37: 100 | AS37: 100 | AT37: 100 | AU37: 100 | AV37: 100 | AW37: 100 | AX37: 100 | AY37: 100 | AZ37: 100 | BA37: 100 | BB37: 100 | BC37: 100 | BD37: 100 | BE37: 100 | BF37: 100 | BG37: 100 | BH37: 100 | BI37: 100 | BJ37: 100 | BK37: 100 | BL37: 100 | BM37: 100
E38: 1/2 NET SKINS | I38: GROSS SKINS
A39: GROSS Games | B39: 26 | C39: =C2 -> 2 | D39: =D2 -> 3 | E39: =E2 -> 4 | F39: =F2 -> 5 | G39: =G2 -> 6 | H39: =H2 -> 7 | I39: =I2 -> 8 | J39: =J2 -> 9 | ... BM39: =BM2 -> 64
A40: TOTAL POT | C40: =SUM(C39*$B39) -> 52 | D40: =SUM(D39*$B39) -> 78 | E40: =SUM(E39*$B39) -> 104 | F40: =SUM(F39*$B39) -> 130 | G40: =SUM(G39*$B39) -> 156 | H40: =SUM(H39*$B39) -> 182 | I40: =SUM(I39*$B39) -> 208 | J40: =SUM(J39*$B39) -> 234 | ... BM40: =SUM(BM39*$B39) -> 1664
A41: SKINS | B41: 18 | C41: No Event | D41: No Event | E41: =E40 -> 104 | F41: =F40 -> 130 | G41: =G40 -> 156 | H41: =H40 -> 182 | I41: =I40 -> 208 | J41: =J40 -> 234 | K41: =K40 -> 260 | L41: =L40 -> 286 | ... P41: =P40 -> 390 | Q41: =SUM($B41*Q39) -> 288 | R41: =SUM($B41*R39) -> 306 | S41: =SUM($B41*S39) -> 324 | T41: =SUM($B41*T39) -> 342 | U41: =SUM($B41*U39) -> 360 | V41: =SUM($B41*V39) -> 378 | W41: =SUM($B41*W39) -> 396 | X41: =SUM($B41*X39) -> 414 | ... BM41: =SUM($B41*BM39) -> 1152
A42: SKINS WON | B42: 1 | C42: No Event | D42: No Event | E42: =E41 -> 104 | F42: =F41 -> 130 | G42: =G41 -> 156 | H42: =H41 -> 182 | I42: =SUM(I41/I51) -> 104 | J42: =SUM(J41/J51) -> 117 | K42: =SUM(K41/K51) -> 130 | L42: =SUM(L41/L51) -> 143 | M42: =SUM(M41/M51) -> 156 | N42: =SUM(N41/N51) -> 169 | O42: =SUM(O41/O51) -> 182 | P42: =SUM(P41/P51) -> 195 | ... BM42: =SUM(BM41/BM51) -> 288
B43: 2 | C43: No Event | D43: No Event | E43: =SUM(E41/2) -> 52 | F43: =SUM(F41/2) -> 65 | G43: =SUM(G41/2) -> 78 | H43: =SUM(H41/2) -> 91 | I43: =SUM(I$42/$B43) -> 52 | J43: =SUM(J$42/$B43) -> 58.5 | K43: =SUM(K$42/$B43) -> 65 | L43: =SUM(L$42/$B43) -> 71.5 | M43: =SUM(M$42/$B43) -> 78 | N43: =SUM(N$42/$B43) -> 84.5 | O43: =SUM(O$42/$B43) -> 91 | P43: =SUM(P$42/$B43) -> 97.5 | ... BM43: =SUM(BM$42/$B43) -> 144
B44: 3 | C44: No Event | D44: No Event | E44: =SUM(E41/3) -> 34.666667 | F44: =SUM(F41/3) -> 43.333333 | G44: =SUM(G41/3) -> 52 | H44: =SUM(H41/3) -> 60.666667 | I44: =SUM(I$42/$B44) -> 34.666667 | J44: =SUM(J$42/$B44) -> 39 | K44: =SUM(K$42/$B44) -> 43.333333 | L44: =SUM(L$42/$B44) -> 47.666667 | M44: =SUM(M$42/$B44) -> 52 | N44: =SUM(N$42/$B44) -> 56.333333 | O44: =SUM(O$42/$B44) -> 60.666667 | P44: =SUM(P$42/$B44) -> 65 | ... BM44: =SUM(BM$42/$B44) -> 96
B45: 4 | C45: No Event | D45: No Event | E45: =SUM(E41/4) -> 26 | F45: =SUM(F41/4) -> 32.5 | G45: =SUM(G41/4) -> 39 | H45: =SUM(H41/4) -> 45.5 | I45: =SUM(I$42/$B45) -> 26 | J45: =SUM(J$42/$B45) -> 29.25 | K45: =SUM(K$42/$B45) -> 32.5 | L45: =SUM(L$42/$B45) -> 35.75 | M45: =SUM(M$42/$B45) -> 39 | N45: =SUM(N$42/$B45) -> 42.25 | O45: =SUM(O$42/$B45) -> 45.5 | P45: =SUM(P$42/$B45) -> 48.75 | ... BM45: =SUM(BM$42/$B45) -> 72
B46: 5 | C46: No Event | D46: No Event | E46: =SUM(E41/5) -> 20.8 | F46: =SUM(F41/5) -> 26 | G46: =SUM(G41/5) -> 31.2 | H46: =SUM(H41/5) -> 36.4 | I46: =SUM(I$42/$B46) -> 20.8 | J46: =SUM(J$42/$B46) -> 23.4 | K46: =SUM(K$42/$B46) -> 26 | L46: =SUM(L$42/$B46) -> 28.6 | M46: =SUM(M$42/$B46) -> 31.2 | N46: =SUM(N$42/$B46) -> 33.8 | O46: =SUM(O$42/$B46) -> 36.4 | P46: =SUM(P$42/$B46) -> 39 | ... BM46: =SUM(BM$42/$B46) -> 57.6
B47: 6 | C47: No Event | D47: No Event | E47: =SUM(E41/6) -> 17.333333 | F47: =SUM(F41/6) -> 21.666667 | G47: =SUM(G41/6) -> 26 | H47: =SUM(H41/6) -> 30.333333 | I47: =SUM(I$42/$B47) -> 17.333333 | J47: =SUM(J$42/$B47) -> 19.5 | K47: =SUM(K$42/$B47) -> 21.666667 | L47: =SUM(L$42/$B47) -> 23.833333 | M47: =SUM(M$42/$B47) -> 26 | N47: =SUM(N$42/$B47) -> 28.166667 | O47: =SUM(O$42/$B47) -> 30.333333 | P47: =SUM(P$42/$B47) -> 32.5 | ... BM47: =SUM(BM$42/$B47) -> 48
B48: 7 | C48: No Event | D48: No Event | E48: =SUM(E41/7) -> 14.857143 | F48: =SUM(F41/7) -> 18.571429 | G48: =SUM(G41/7) -> 22.285714 | H48: =SUM(H41/7) -> 26 | I48: =SUM(I$42/$B48) -> 14.857143 | J48: =SUM(J$42/$B48) -> 16.714286 | K48: =SUM(K$42/$B48) -> 18.571429 | L48: =SUM(L$42/$B48) -> 20.428571 | M48: =SUM(M$42/$B48) -> 22.285714 | N48: =SUM(N$42/$B48) -> 24.142857 | O48: =SUM(O$42/$B48) -> 26 | P48: =SUM(P$42/$B48) -> 27.857143 | ... BM48: =SUM(BM$42/$B48) -> 41.142857
B49: 8 | C49: No Event | D49: No Event | E49: =SUM(E41/8) -> 13 | F49: =SUM(F41/8) -> 16.25 | G49: =SUM(G41/8) -> 19.5 | H49: =SUM(H41/8) -> 22.75 | I49: =SUM(I$42/$B49) -> 13 | J49: =SUM(J$42/$B49) -> 14.625 | K49: =SUM(K$42/$B49) -> 16.25 | L49: =SUM(L$42/$B49) -> 17.875 | M49: =SUM(M$42/$B49) -> 19.5 | N49: =SUM(N$42/$B49) -> 21.125 | O49: =SUM(O$42/$B49) -> 22.75 | P49: =SUM(P$42/$B49) -> 24.375 | ... BM49: =SUM(BM$42/$B49) -> 36
B50: 9 | C50: No Event | D50: No Event | E50: =SUM(E41/9) -> 11.555556 | F50: =SUM(F41/9) -> 14.444444 | G50: =SUM(G41/9) -> 17.333333 | H50: =SUM(H41/9) -> 20.222222 | I50: =SUM(I$42/$B50) -> 11.555556 | J50: =SUM(J$42/$B50) -> 13 | K50: =SUM(K$42/$B50) -> 14.444444 | L50: =SUM(L$42/$B50) -> 15.888889 | M50: =SUM(M$42/$B50) -> 17.333333 | N50: =SUM(N$42/$B50) -> 18.777778 | O50: =SUM(O$42/$B50) -> 20.222222 | P50: =SUM(P$42/$B50) -> 21.666667 | ... BM50: =SUM(BM$42/$B50) -> 32
A51: FLIGHTS | C51: No Event | D51: No Event | E51: 1 | F51: 1 | G51: 1 | H51: 1 | I51: 2 | J51: 2 | K51: 2 | L51: 2 | M51: 2 | N51: 2 | O51: 2 | P51: 2 | Q51: 2 | R51: 2 | S51: 2 | T51: 2 | U51: 2 | V51: 2 | W51: 2 | X51: 2 | Y51: 2 | Z51: 2 | AA51: 2 | AB51: 2 | AC51: 2 | AD51: 2 | AE51: 2 | AF51: 2 | AG51: 3 | AH51: 3 | AI51: 3 | AJ51: 3 | AK51: 3 | AL51: 3 | AM51: 3 | AN51: 3 | AO51: 3 | AP51: 3 | AQ51: 3 | AR51: 3 | AS51: 3 | AT51: 3 | AU51: 3 | AV51: 3 | AW51: 4 | AX51: 4 | AY51: 4 | AZ51: 4 | BA51: 4 | BB51: 4 | BC51: 4 | BD51: 4 | BE51: 4 | BF51: 4 | BG51: 4 | BH51: 4 | BI51: 4 | BJ51: 4 | BK51: 4 | BL51: 4 | BM51: 4
A52: INDIVIDUAL GROSS | B52: 8 | C52: No Event | D52: No Event | Q52: =SUM(Q39*$B52) -> 128 | R52: =SUM(R39*$B52) -> 136 | S52: =SUM(S39*$B52) -> 144 | T52: =SUM(T39*$B52) -> 152 | U52: =SUM(U39*$B52) -> 160 | V52: =SUM(V39*$B52) -> 168 | W52: =SUM(W39*$B52) -> 176 | X52: =SUM(X39*$B52) -> 184 | ... BM52: =SUM(BM39*$B52) -> 512
B53: 1st Place | C53: No Event | D53: No Event | E53: No Game | F53: No Game | G53: No Game | H53: No Game | I53: No Game | J53: No Game | K53: No Game | L53: No Game | M53: No Game | N53: No Game | O53: No Game | P53: No Game | Q53: =SUM(Q52/Q55) -> 32 | R53: =SUM(R52/R55) -> 34 | S53: =SUM(S52/S55) -> 36 | T53: =SUM(T52/T55) -> 38 | U53: =SUM(U52/U55) -> 40 | V53: =SUM(V52/V55) -> 42 | W53: =SUM(W52/W55) -> 44 | X53: =SUM(X52/X55) -> 46 | ... AV53: =SUM(AV52/AV55) -> 94 | AW53: =ROUND(SUM((AW52/AW55)*0.666666666666666),2) -> 64 | AX53: =ROUND(SUM((AX52/AX55)*0.666666666666666),2) -> 65.33 | AY53: =ROUND(SUM((AY52/AY55)*0.666666666666666),2) -> 66.67 | AZ53: =ROUND(SUM((AZ52/AZ55)*0.666666666666666),2) -> 68 | BA53: =ROUND(SUM((BA52/BA55)*0.666666666666666),2) -> 69.33 | BB53: =ROUND(SUM((BB52/BB55)*0.666666666666666),2) -> 70.67 | BC53: =ROUND(SUM((BC52/BC55)*0.666666666666666),2) -> 72 | BD53: =ROUND(SUM((BD52/BD55)*0.666666666666666),2) -> 73.33 | ... BM53: =ROUND(SUM((BM52/BM55)*0.666666666666666),2) -> 85.33
B54: 2nd Place | C54: No Event | D54: No Event | E54: No Game | F54: No Game | G54: No Game | H54: No Game | I54: No Game | J54: No Game | K54: No Game | L54: No Game | M54: No Game | N54: No Game | O54: No Game | P54: No Game | AW54: =ROUND(SUM((AW52/AW55)*0.33333333333333),2) -> 32 | AX54: =ROUND(SUM((AX52/AX55)*0.33333333333333),2) -> 32.67 | AY54: =ROUND(SUM((AY52/AY55)*0.33333333333333),2) -> 33.33 | AZ54: =ROUND(SUM((AZ52/AZ55)*0.33333333333333),2) -> 34 | BA54: =ROUND(SUM((BA52/BA55)*0.33333333333333),2) -> 34.67 | BB54: =ROUND(SUM((BB52/BB55)*0.33333333333333),2) -> 35.33 | BC54: =ROUND(SUM((BC52/BC55)*0.33333333333333),2) -> 36 | BD54: =ROUND(SUM((BD52/BD55)*0.33333333333333),2) -> 36.67 | ... BM54: =ROUND(SUM((BM52/BM55)*0.33333333333333),2) -> 42.67
A55: FLIGHTS | B55: FLIGHTS | C55: No Event | D55: No Event | E55: No Game | F55: No Game | G55: No Game | H55: No Game | I55: No Game | J55: No Game | K55: No Game | L55: No Game | M55: No Game | N55: No Game | O55: No Game | P55: No Game | Q55: 4 | R55: 4 | S55: 4 | T55: 4 | U55: 4 | V55: 4 | W55: 4 | X55: 4 | Y55: 4 | Z55: 4 | AA55: 4 | AB55: 4 | AC55: 4 | AD55: 4 | AE55: 4 | AF55: 4 | AG55: 4 | AH55: 4 | AI55: 4 | AJ55: 4 | AK55: 4 | AL55: 4 | AM55: 4 | AN55: 4 | AO55: 4 | AP55: 4 | AQ55: 4 | AR55: 4 | AS55: 4 | AT55: 4 | AU55: 4 | AV55: 4 | AW55: 4 | AX55: 4 | AY55: 4 | AZ55: 4 | BA55: 4 | BB55: 4 | BC55: 4 | BD55: 4 | BE55: 4 | BF55: 4 | BG55: 4 | BH55: 4 | BI55: 4 | BJ55: 4 | BK55: 4 | BL55: 4 | BM55: 4
A57: Prizes / Field % | E57: =SUM(SUM(COUNT(E20:E36,E10:E11,E53:E55,E41)+3)/E2) -> 1.5 | F57: =SUM(SUM(COUNT(F20:F36,F10:F11,F53:F55,F41)+3)/F2) -> 1.2 | G57: =SUM(SUM(COUNT(G20:G36,G10:G11,G53:G55,G41)+3)/G2) -> 1.1666667 | H57: =SUM(SUM(COUNT(H20:H36,H10:H11,H53:H55,H41)+3)/H2) -> 1 | I57: =SUM(SUM(COUNT(I20:I36,I10:I11,I52:I55,I41)+3)/I2) -> 0.875 | J57: =SUM(SUM(COUNT(J20:J36,J10:J11,J53:J55,J41)+3)/J2) -> 0.77777778 | K57: =SUM(SUM(COUNT(K20:K36,K10:K11,K53:K55,K41)+3)/K2) -> 0.8 | L57: =SUM(SUM(COUNT(L20:L36,L10:L11,L53:L55,L41)+3)/L2) -> 0.72727273 | M57: =SUM(SUM(COUNT(M20:M36,M10:M11,M53:M55,M41)+3)/M2) -> 0.66666667 | N57: =SUM(SUM(COUNT(N20:N36,N10:N11,N53:N55,N41)+3)/N2) -> 0.61538462 | O57: =SUM(SUM(COUNT(O20:O36,O10:O11,O53:O55,O41)+3)/O2) -> 0.64285714 | P57: =SUM(SUM(COUNT(P20:P36,P10:P11,P53:P55,P41)+3)/P2) -> 0.6 | Q57: =SUM(SUM(COUNT(Q20:Q36,Q10:Q11,Q53:Q55,Q41)+5)/Q2) -> 0.9375 | R57: =SUM(SUM(COUNT(R20:R36,R10:R11,R53:R55,R41)+5)/R2) -> 0.88235294 | S57: =SUM(SUM(COUNT(S20:S36,S10:S11,S53:S55,S41)+5)/S2) -> 0.94444444 | T57: =SUM(SUM(COUNT(T20:T36,T10:T11,T53:T55,T41)+5)/T2) -> 0.89473684 | U57: =SUM(SUM(COUNT(U20:U36,U10:U11,U53:U55,U41)+5)/U2) -> 0.85 | V57: =SUM(SUM(COUNT(V20:V36,V10:V11,V53:V55,V41)+5)/V2) -> 0.80952381 | W57: =SUM(SUM(COUNT(W20:W36,W10:W11,W53:W55,W41)+5)/W2) -> 0.77272727 | X57: =SUM(SUM(COUNT(X20:X36,X10:X11,X53:X55,X41)+5)/X2) -> 0.73913043 | ... AJ57: =SUM(SUM(COUNT(AJ20:AJ36,AJ10:AJ11,AJ53:AJ55,AJ41)+5)/AJ2) -> 0.57142857 | AK57: =SUM(SUM(COUNT(AK20:AK36,AK10:AK11,AK53:AK55,AK41)+7)/AK2) -> 0.61111111 | AL57: =SUM(SUM(COUNT(AL20:AL36,AL10:AL11,AL53:AL55,AL41)+7)/AL2) -> 0.59459459 | AM57: =SUM(SUM(COUNT(AM20:AM36,AM10:AM11,AM53:AM55,AM41)+7)/AM2) -> 0.57894737 | AN57: =SUM(SUM(COUNT(AN20:AN36,AN10:AN11,AN53:AN55,AN41)+7)/AN2) -> 0.64102564 | AO57: =SUM(SUM(COUNT(AO20:AO36,AO10:AO11,AO53:AO55,AO41)+7)/AO2) -> 0.625 | AP57: =SUM(SUM(COUNT(AP20:AP36,AP10:AP11,AP53:AP55,AP41)+7)/AP2) -> 0.6097561 | AQ57: =SUM(SUM(COUNT(AQ20:AQ36,AQ10:AQ11,AQ53:AQ55,AQ41)+7)/AQ2) -> 0.5952381 | AR57: =SUM(SUM(COUNT(AR20:AR36,AR10:AR11,AR53:AR55,AR41)+7)/AR2) -> 0.58139535 | ... BM57: =SUM(SUM(COUNT(BM20:BM36,BM10:BM11,BM53:BM55,BM41)+7)/BM2) -> 0.46875
B59: Event Games Remaining | E59: =SUM(E3-E4-E9-E14) -> 0 | F59: =SUM(F3-F4-F9-F14) -> 0 | G59: =SUM(G3-G4-G9-G14) -> 0 | H59: =SUM(H3-H4-H9-H14) -> 0 | I59: =SUM(I3-I4-I9-I14) -> 0 | J59: =SUM(J3-J4-J9-J14) -> 0 | K59: =SUM(K3-K4-K9-K14) -> 0 | L59: =SUM(L3-L4-L9-L14) -> 0 | ... BM59: =SUM(BM3-BM4-BM9-BM14) -> 0
B60: Net Remaining | E60: =E17-SUM(E20:E35,E37) -> 0 | F60: =F17-SUM(F20:F35,F37) -> 0 | G60: =G17-SUM(G20:G35,G37) -> 0 | H60: =H17-SUM(H20:H35,H37) -> 0 | I60: =I17-SUM(I20:I35,I37) -> 0 | J60: =J17-SUM(J20:J35,J37) -> 0 | K60: =K17-SUM(K20:K35,K37) -> 0 | L60: =L17-SUM(L20:L35,L37) -> 0 | ... BM60: =BM17-SUM(BM20:BM35,BM37) -> 0
B61: Gross Remaining | E61: =SUM(E40-SUM(E41+SUM(E53:E54))) -> 0 | F61: =SUM(F40-SUM(F41+SUM(F53:F54))) -> 0 | G61: =SUM(G40-SUM(G41+SUM(G53:G54))) -> 0 | H61: =SUM(H40-SUM(H41+SUM(H53:H54))) -> 0 | I61: =SUM(I40-SUM(I41+SUM(I53:I54))) -> 0 | J61: =SUM(J40-SUM(J41+SUM(J53:J54))) -> 0 | K61: =SUM(K40-SUM(K41+SUM(K53:K54))) -> 0 | L61: =SUM(L40-SUM(L41+SUM(L53:L54))) -> 0 | ... P61: =SUM(P40-SUM(P41+SUM(P53:P54))) -> 0 | Q61: =SUM(Q40-SUM(Q41+SUM((Q53+Q54)*Q55))) -> 0 | R61: =SUM(R40-SUM(R41+SUM((R53+R54)*R55))) -> 0 | S61: =SUM(S40-SUM(S41+SUM((S53+S54)*S55))) -> 0 | T61: =SUM(T40-SUM(T41+SUM((T53+T54)*T55))) -> 0 | U61: =SUM(U40-SUM(U41+SUM((U53+U54)*U55))) -> 0 | V61: =SUM(V40-SUM(V41+SUM((V53+V54)*V55))) -> 0 | W61: =SUM(W40-SUM(W41+SUM((W53+W54)*W55))) -> 0 | X61: =SUM(X40-SUM(X41+SUM((X53+X54)*X55))) -> 0 | ... BM61: =SUM(BM40-SUM(BM41+SUM((BM53+BM54)*BM55))) -> 0
A64: TOTAL COMBINED POTS | E64: =SUM(E3,E17,E40) -> 264 | F64: =SUM(F3,F17,F40) -> 330 | G64: =SUM(G3,G17,G40) -> 396 | H64: =SUM(H3,H17,H40) -> 462 | I64: =SUM(I3,I17,I40) -> 528 | J64: =SUM(J3,J17,J40) -> 594 | K64: =SUM(K3,K17,K40) -> 660 | L64: =SUM(L3,L17,L40) -> 726 | ... BM64: =SUM(BM3,BM17,BM40) -> 4224
A66: Max Potential EVENT GAMES | E66: =SUM(E9,E7) -> 24 | F66: =SUM(F9,F7) -> 30 | G66: =SUM(G9,G7) -> 36 | H66: =SUM(H9,H7) -> 42 | I66: =SUM(I9,I7) -> 48 | J66: =SUM(J9,J7) -> 54 | K66: =SUM(K9,K7) -> 60 | L66: =SUM(L9,L7) -> 66 | ... BM66: =SUM(BM9,BM7) -> 341.33333
A67: Max Potential NET | E67: =SUM(E20+E37) -> 104 | F67: =SUM(F20+F37) -> 130 | G67: =SUM(G20+G37) -> 120 | H67: =SUM(H20+H37) -> 140 | I67: =SUM(I20+I37) -> 160 | J67: =SUM(J20+J37) -> 180 | K67: =SUM(K20+K37) -> 170 | L67: =SUM(L20+L37) -> 187 | ... BM67: =SUM(BM20+BM37) -> 256.4
A68: Max Potential GROSS | E68: =SUM(E42,E53) -> 104 | F68: =SUM(F42,F53) -> 130 | G68: =SUM(G42,G53) -> 156 | H68: =SUM(H42,H53) -> 182 | I68: =SUM(I42,I53) -> 104 | J68: =SUM(J42,J53) -> 117 | K68: =SUM(K42,K53) -> 130 | L68: =SUM(L42,L53) -> 143 | ... BM68: =SUM(BM42,BM53) -> 373.33
A69: Max Potential TOTAL | E69: =SUM(E66:E68) -> 232 | F69: =SUM(F66:F68) -> 290 | G69: =SUM(G66:G68) -> 312 | H69: =SUM(H66:H68) -> 364 | I69: =SUM(I66:I68) -> 312 | J69: =SUM(J66:J68) -> 351 | K69: =SUM(K66:K68) -> 360 | L69: =SUM(L66:L68) -> 396 | ... BM69: =SUM(BM66:BM68) -> 971.06333
Q74: INCLUDED GAMES | R74: =SUM(S74:S75) -> 280 | S74: 224 | T74: =SUM(S74/4) -> 56 | U74: TEAM
Q75: MPW | R75: =SUM(T74) -> 56 | S75: =T74 -> 56 | U75: HOLE-IN-ONE
Q77: MEMBER GAMES | R77: =SUM(S77:S84) -> 650 | S77: 133.33 | T77: =S77 -> 133.33 | U77: INDIVIDUAL NET
Q78: MPW | R78: =SUM(T77:T84) -> 383.33 | S78: 66.67
S79: =S77 -> 133.33
S80: =S78 -> 66.67
S81: 100 | T81: =S81 -> 100 | U81: MVP
S82: 50 | T82: =S82 -> 50 | U82: CTP#1
S83: 50 | T83: =S83 -> 50 | U83: CTP#2
S84: 50 | T84: =S84 -> 50 | U84: CTP#3
Q85: GROSS GAMES | R85: =SUM(S85:S86) -> 390 | S85: 390 | T85: =SUM(S85/2) -> 195 | U85: SKINS
Q86: MPW | R86: =SUM(T85:T86) -> 195 | S86: 0 | T86: =SUM(S86/3) -> 0 | U86: INDIVIDUAL GROSS
Q88: TOTAL POT | R88: =SUM(R74,R77,R85) -> 1320
Q89: MPW | R89: =SUM(R75,R78,R86) -> 634.33

Sheet Calendar
B1: M | C1: T | D1: W | E1: R | F1: F | G1: Sa | H1: Su | I1: EVENTS
A2: JAN | B2: 46020 | C2: =B2+1 -> 46021 | D2: =C2+1 -> 46022 | E2: =D2+1 -> 46023 | F2: =E2+1 -> 46024 | G2: =F2+1 -> 46025 | H2: =G2+1 -> 46026
B3: =B2+7 -> 46027 | C3: =B3+1 -> 46028 | D3: =C3+1 -> 46029 | E3: =D3+1 -> 46030 | F3: =E3+1 -> 46031 | G3: =F3+1 -> 46032 | H3: =G3+1 -> 46033
B4: =B3+7 -> 46034 | C4: =B4+1 -> 46035 | D4: =C4+1 -> 46036 | E4: =D4+1 -> 46037 | F4: =E4+1 -> 46038 | G4: =F4+1 -> 46039 | H4: =G4+1 -> 46040
B5: =B4+7 -> 46041 | C5: =B5+1 -> 46042 | D5: =C5+1 -> 46043 | E5: =D5+1 -> 46044 | F5: =E5+1 -> 46045 | G5: =F5+1 -> 46046 | H5: =G5+1 -> 46047
B6: =B5+7 -> 46048 | C6: =B6+1 -> 46049 | D6: =C6+1 -> 46050 | E6: =D6+1 -> 46051 | F6: =E6+1 -> 46052 | G6: =F6+1 -> 46053 | H6: =G6+1 -> 46054
A7: FEB | B7: =B6+7 -> 46055 | C7: =B7+1 -> 46056 | D7: =C7+1 -> 46057 | E7: =D7+1 -> 46058 | F7: =E7+1 -> 46059 | G7: =F7+1 -> 46060 | H7: =G7+1 -> 46061
B8: =B7+7 -> 46062 | C8: =B8+1 -> 46063 | D8: =C8+1 -> 46064 | E8: =D8+1 -> 46065 | F8: =E8+1 -> 46066 | G8: =F8+1 -> 46067 | H8: =G8+1 -> 46068
B9: =B8+7 -> 46069 | C9: =B9+1 -> 46070 | D9: =C9+1 -> 46071 | E9: =D9+1 -> 46072 | F9: =E9+1 -> 46073 | G9: =F9+1 -> 46074 | H9: =G9+1 -> 46075
B10: =B9+7 -> 46076 | C10: =B10+1 -> 46077 | D10: =C10+1 -> 46078 | E10: =D10+1 -> 46079 | F10: =E10+1 -> 46080 | G10: =F10+1 -> 46081 | H10: =G10+1 -> 46082
A11: MAR | B11: =B10+7 -> 46083 | C11: =B11+1 -> 46084 | D11: =C11+1 -> 46085 | E11: =D11+1 -> 46086 | F11: =E11+1 -> 46087 | G11: =F11+1 -> 46088 | H11: =G11+1 -> 46089
B12: =B11+7 -> 46090 | C12: =B12+1 -> 46091 | D12: =C12+1 -> 46092 | E12: =D12+1 -> 46093 | F12: =E12+1 -> 46094 | G12: =F12+1 -> 46095 | H12: =G12+1 -> 46096
B13: =B12+7 -> 46097 | C13: =B13+1 -> 46098 | D13: =C13+1 -> 46099 | E13: =D13+1 -> 46100 | F13: =E13+1 -> 46101 | G13: =F13+1 -> 46102 | H13: =G13+1 -> 46103
B14: =B13+7 -> 46104 | C14: =B14+1 -> 46105 | D14: =C14+1 -> 46106 | E14: =D14+1 -> 46107 | F14: =E14+1 -> 46108 | G14: =F14+1 -> 46109 | H14: =G14+1 -> 46110
A15: APR | B15: =B14+7 -> 46111 | C15: =B15+1 -> 46112 | D15: =C15+1 -> 46113 | E15: =D15+1 -> 46114 | F15: =E15+1 -> 46115 | G15: =F15+1 -> 46116 | H15: =G15+1 -> 46117
B16: =B15+7 -> 46118 | C16: =B16+1 -> 46119 | D16: =C16+1 -> 46120 | E16: =D16+1 -> 46121 | F16: =E16+1 -> 46122 | G16: =F16+1 -> 46123 | H16: =G16+1 -> 46124
B17: =B16+7 -> 46125 | C17: =B17+1 -> 46126 | D17: =C17+1 -> 46127 | E17: =D17+1 -> 46128 | F17: =E17+1 -> 46129 | G17: =F17+1 -> 46130 | H17: =G17+1 -> 46131
B18: =B17+7 -> 46132 | C18: =B18+1 -> 46133 | D18: =C18+1 -> 46134 | E18: =D18+1 -> 46135 | F18: =E18+1 -> 46136 | G18: =F18+1 -> 46137 | H18: =G18+1 -> 46138
B19: =B18+7 -> 46139 | C19: =B19+1 -> 46140 | D19: =C19+1 -> 46141 | E19: =D19+1 -> 46142 | F19: =E19+1 -> 46143 | G19: =F19+1 -> 46144 | H19: =G19+1 -> 46145
A20: MAY | B20: =B19+7 -> 46146 | C20: =B20+1 -> 46147 | D20: =C20+1 -> 46148 | E20: =D20+1 -> 46149 | F20: =E20+1 -> 46150 | G20: =F20+1 -> 46151 | H20: =G20+1 -> 46152
B21: =B20+7 -> 46153 | C21: =B21+1 -> 46154 | D21: =C21+1 -> 46155 | E21: =D21+1 -> 46156 | F21: =E21+1 -> 46157 | G21: =F21+1 -> 46158 | H21: =G21+1 -> 46159
B22: =B21+7 -> 46160 | C22: =B22+1 -> 46161 | D22: =C22+1 -> 46162 | E22: =D22+1 -> 46163 | F22: =E22+1 -> 46164 | G22: =F22+1 -> 46165 | H22: =G22+1 -> 46166
B23: =B22+7 -> 46167 | C23: =B23+1 -> 46168 | D23: =C23+1 -> 46169 | E23: =D23+1 -> 46170 | F23: =E23+1 -> 46171 | G23: =F23+1 -> 46172 | H23: =G23+1 -> 46173
A24: JUN | B24: =B23+7 -> 46174 | C24: =B24+1 -> 46175 | D24: =C24+1 -> 46176 | E24: =D24+1 -> 46177 | F24: =E24+1 -> 46178 | G24: =F24+1 -> 46179 | H24: =G24+1 -> 46180
B25: =B24+7 -> 46181 | C25: =B25+1 -> 46182 | D25: =C25+1 -> 46183 | E25: =D25+1 -> 46184 | F25: =E25+1 -> 46185 | G25: =F25+1 -> 46186 | H25: =G25+1 -> 46187
B26: =B25+7 -> 46188 | C26: =B26+1 -> 46189 | D26: =C26+1 -> 46190 | E26: =D26+1 -> 46191 | F26: =E26+1 -> 46192 | G26: =F26+1 -> 46193 | H26: =G26+1 -> 46194
B27: =B26+7 -> 46195 | C27: =B27+1 -> 46196 | D27: =C27+1 -> 46197 | E27: =D27+1 -> 46198 | F27: =E27+1 -> 46199 | G27: =F27+1 -> 46200 | H27: =G27+1 -> 46201
A28: JUL | B28: =B27+7 -> 46202 | C28: =B28+1 -> 46203 | D28: =C28+1 -> 46204 | E28: =D28+1 -> 46205 | F28: =E28+1 -> 46206 | G28: =F28+1 -> 46207 | H28: =G28+1 -> 46208
B29: =B28+7 -> 46209 | C29: =B29+1 -> 46210 | D29: =C29+1 -> 46211 | E29: =D29+1 -> 46212 | F29: =E29+1 -> 46213 | G29: =F29+1 -> 46214 | H29: =G29+1 -> 46215
B30: =B29+7 -> 46216 | C30: =B30+1 -> 46217 | D30: =C30+1 -> 46218 | E30: =D30+1 -> 46219 | F30: =E30+1 -> 46220 | G30: =F30+1 -> 46221 | H30: =G30+1 -> 46222
B31: =B30+7 -> 46223 | C31: =B31+1 -> 46224 | D31: =C31+1 -> 46225 | E31: =D31+1 -> 46226 | F31: =E31+1 -> 46227 | G31: =F31+1 -> 46228 | H31: =G31+1 -> 46229
B32: =B31+7 -> 46230 | C32: =B32+1 -> 46231 | D32: =C32+1 -> 46232 | E32: =D32+1 -> 46233 | F32: =E32+1 -> 46234 | G32: =F32+1 -> 46235 | H32: =G32+1 -> 46236
A33: AUG | B33: =B32+7 -> 46237 | C33: =B33+1 -> 46238 | D33: =C33+1 -> 46239 | E33: =D33+1 -> 46240 | F33: =E33+1 -> 46241 | G33: =F33+1 -> 46242 | H33: =G33+1 -> 46243
B34: =B33+7 -> 46244 | C34: =B34+1 -> 46245 | D34: =C34+1 -> 46246 | E34: =D34+1 -> 46247 | F34: =E34+1 -> 46248 | G34: =F34+1 -> 46249 | H34: =G34+1 -> 46250
B35: =B34+7 -> 46251 | C35: =B35+1 -> 46252 | D35: =C35+1 -> 46253 | E35: =D35+1 -> 46254 | F35: =E35+1 -> 46255 | G35: =F35+1 -> 46256 | H35: =G35+1 -> 46257
B36: =B35+7 -> 46258 | C36: =B36+1 -> 46259 | D36: =C36+1 -> 46260 | E36: =D36+1 -> 46261 | F36: =E36+1 -> 46262 | G36: =F36+1 -> 46263 | H36: =G36+1 -> 46264
A37: SEP | B37: =B36+7 -> 46265 | C37: =B37+1 -> 46266 | D37: =C37+1 -> 46267 | E37: =D37+1 -> 46268 | F37: =E37+1 -> 46269 | G37: =F37+1 -> 46270 | H37: =G37+1 -> 46271
B38: =B37+7 -> 46272 | C38: =B38+1 -> 46273 | D38: =C38+1 -> 46274 | E38: =D38+1 -> 46275 | F38: =E38+1 -> 46276 | G38: =F38+1 -> 46277 | H38: =G38+1 -> 46278
B39: =B38+7 -> 46279 | C39: =B39+1 -> 46280 | D39: =C39+1 -> 46281 | E39: =D39+1 -> 46282 | F39: =E39+1 -> 46283 | G39: =F39+1 -> 46284 | H39: =G39+1 -> 46285
B40: =B39+7 -> 46286 | C40: =B40+1 -> 46287 | D40: =C40+1 -> 46288 | E40: =D40+1 -> 46289 | F40: =E40+1 -> 46290 | G40: =F40+1 -> 46291 | H40: =G40+1 -> 46292
B41: =B40+7 -> 46293 | C41: =B41+1 -> 46294 | D41: =C41+1 -> 46295 | E41: =D41+1 -> 46296 | F41: =E41+1 -> 46297 | G41: =F41+1 -> 46298 | H41: =G41+1 -> 46299
A42: OCT | B42: =B41+7 -> 46300 | C42: =B42+1 -> 46301 | D42: =C42+1 -> 46302 | E42: =D42+1 -> 46303 | F42: =E42+1 -> 46304 | G42: =F42+1 -> 46305 | H42: =G42+1 -> 46306
B43: =B42+7 -> 46307 | C43: =B43+1 -> 46308 | D43: =C43+1 -> 46309 | E43: =D43+1 -> 46310 | F43: =E43+1 -> 46311 | G43: =F43+1 -> 46312 | H43: =G43+1 -> 46313
B44: =B43+7 -> 46314 | C44: =B44+1 -> 46315 | D44: =C44+1 -> 46316 | E44: =D44+1 -> 46317 | F44: =E44+1 -> 46318 | G44: =F44+1 -> 46319 | H44: =G44+1 -> 46320
B45: =B44+7 -> 46321 | C45: =B45+1 -> 46322 | D45: =C45+1 -> 46323 | E45: =D45+1 -> 46324 | F45: =E45+1 -> 46325 | G45: =F45+1 -> 46326 | H45: =G45+1 -> 46327
A46: NOV | B46: =B45+7 -> 46328 | C46: =B46+1 -> 46329 | D46: =C46+1 -> 46330 | E46: =D46+1 -> 46331 | F46: =E46+1 -> 46332 | G46: =F46+1 -> 46333 | H46: =G46+1 -> 46334
B47: =B46+7 -> 46335 | C47: =B47+1 -> 46336 | D47: =C47+1 -> 46337 | E47: =D47+1 -> 46338 | F47: =E47+1 -> 46339 | G47: =F47+1 -> 46340 | H47: =G47+1 -> 46341
B48: =B47+7 -> 46342 | C48: =C47+7 -> 46343 | D48: =D47+7 -> 46344 | E48: =E47+7 -> 46345 | F48: =F47+7 -> 46346 | G48: =G47+7 -> 46347 | H48: =H47+7 -> 46348
B49: =B48+7 -> 46349 | C49: =C48+7 -> 46350 | D49: =D48+7 -> 46351 | E49: =E48+7 -> 46352 | F49: =F48+7 -> 46353 | G49: =G48+7 -> 46354 | H49: =H48+7 -> 46355
A50: DEC | B50: =B49+7 -> 46356 | C50: =C49+7 -> 46357 | D50: =D49+7 -> 46358 | E50: =E49+7 -> 46359 | F50: =F49+7 -> 46360 | G50: =G49+7 -> 46361 | H50: =H49+7 -> 46362
B51: =B50+7 -> 46363 | C51: =C50+7 -> 46364 | D51: =D50+7 -> 46365 | E51: =E50+7 -> 46366 | F51: =F50+7 -> 46367 | G51: =G50+7 -> 46368 | H51: =H50+7 -> 46369
B52: =B51+7 -> 46370 | C52: =C51+7 -> 46371 | D52: =D51+7 -> 46372 | E52: =E51+7 -> 46373 | F52: =F51+7 -> 46374 | G52: =G51+7 -> 46375 | H52: =H51+7 -> 46376
B53: =B52+7 -> 46377 | C53: =C52+7 -> 46378 | D53: =D52+7 -> 46379 | E53: =E52+7 -> 46380 | F53: =F52+7 -> 46381 | G53: =G52+7 -> 46382 | H53: =H52+7 -> 46383
B54: =B53+7 -> 46384 | C54: =C53+7 -> 46385 | D54: =D53+7 -> 46386 | E54: =E53+7 -> 46387 | F54: =F53+7 -> 46388 | G54: =G53+7 -> 46389 | H54: =H53+7 -> 46390

Sheet Admin
A1: Event Holes | B1: Chapter
A2: 9 | B2: Austin
A3: 18 | B3: San Antonio
B4: DFW
B5: Houston
